Name,Designation,Location,Company
AJ Abdallat,CEO,"Los Angeles, CA",Beyond Limits
Aamir Paul,"President, North America","Boston, MA",Schneider Electric
Aaron Mendes,CEO and Cofounder,"Los Angeles, CA",PrivacyHawk
Aaron Martin,"Vice President, Healthcare","Seattle, WA",Providence
Aaron Skonnard,CEO and Co-founder,"Salt Lake City, UT",Pluralsight
Aaron Vick,Former CEO. Lifelong introvert. Avid technology evangelist. Unapologetic nerd. Best Selling Author. Inventor.,"Jackson, MS",AaronVick.com
Aaron Labbé,Chief Technology Officer & Co-Founder,"Toronto, ON, Canada",LUCID
Aaron Burciaga,"Co-founder, chairman and CEO","Washington, DC",DataPrime
Aaron Harris,CTO,"Atlanta, GA",Sage
Aaron Patzer,Founder & CEO,"Auckland, New Zealand",Vital
Aaron White,Co-founder and Chief Architect,"Miami, FL",Vendr
Aaron Lazor,CEO,"Tel Aviv-Yafo, Israel",MyChargeBack
Aarti Joshi,Co-Founder & CEO,"Chicago, IL",Modak Analytics
Aatish M,Founder,"Seattle, WA",Strac
Ab Gaur,Founder & CEO,Singapore,Verticurl (a WPP Company)
Abakar Saidov,CEO,"London, UK",Beamery
Abdul Subhani,President & CEO,"Austin, TX",Centex Technologies
Abdullah Snobar,Executive Director & CEO,"Toronto, ON, Canada",The DMZ
Abe Ankumah,"VP & GM, SASE","San Francisco, CA",VMware
Abha Dogra,"SVP Digital Technology, Chief Architect and CIO North America","Boston, MA",Schneider Electric
Abhay Mitra,CTO & Co-founder,"San Francisco, CA",Nirvana Tech Inc
Abhay Gupta,Co-founder & CEO,"Los Altos, CA",Bidgely
Abhi Gite,VP Technology,"Houston, TX",Unum
Abhijay Bhatnagar,President and Co-Founder,"New York, NY",Cloaked
Abhijeet Shenoi,Founding Engineer (Head of Machine Learning),"San Francisco, CA",Hakimo Inc
Abhijit Mazumder,Chief Information Officer,"Mumbai, Maharashtra, India",Tata Consultancy Services
Abhik Biswas,Co-Founder & Chief Technology Officer,"Bengaluru, Karnataka, India",Prakat Solutions Inc.
Abhinand Chincholi,President & CEO,"Scottsdale, AZ",OneOrigin Inc.
Abhinav Shashank,Co-founder and Chief Executive Officer,"San Francisco, CA",Innovaccer Inc.
Abhishek Kaushik,CEO & Co-founder,"San Francisco, CA",WeCP (We Create Problems)
Abhishek Trigunait,CTO & Managing Principal,"Pune, Maharashtra, India",ZS Associates Inc
Abhishek Humbad,Founder & CEO,"San Francisco, CA",Goodera
Abhishek Pakhira,Chief Operating Officer,"Greenwood Village, CO",Aureus Tech Systems
Abhishek Rajagopal,CEO,"Chennai, Tamil Nadu, India",Togai Inc.
Achin Bhowmik,Chief Technology Officer and Executive Vice President of Engineering,"Eden Prairie, MN",Starkey
Adam Lieberman,Head of Artificial Intelligence & Machine Learning,"Atlanta, GA",Finastra
Adam Famularo,Chief Executive Officer,"New York, NY",WorkFusion
Adam Ayers,"Consultant - E-Commerce (Shopify Plus), Product Management, Digital Marketing (Facebook Ads, SEO)","Los Angeles, CA",Number 5
Adam Honig,Co-Founder and CEO,"Boston, MA",Spiro.AI
Adam Bayaa,Vice President of Information Technology/Security Officer,"Los Angeles, CA",Heal
Adam Robinson,Founder/CEO,"Austin, TX",Retention.com
Adam Bryant,CEO,"San Francisco, CA",AxleHire
Adam Prout,"Chief Technology Officer, and Co-Founder","Round Hill, VA 20141",SingleStore
Adam Tornhill,"Founder, CTO","Malmö, Sweden",CodeScene
Adam Blue,CTO,"Austin, TX",Q2
Adam Stern,Founder/CEO,"Los Angeles, CA",Infinitely Virtual
Adam Sandman,Founder & CEO,"Washington, DC",Inflectra Corporation
Adarsh Nair,"CEO, Airtel Digital and Chief Product Officer, Airtel","Seattle, WA",Airtel
Name,Designation,Location,Company
AJ Abdallat,CEO,"Los Angeles, CA",Beyond Limits
Aamir Paul,"President, North America","Boston, MA",Schneider Electric
Aaron Mendes,CEO and Cofounder,"Los Angeles, CA",PrivacyHawk
Aaron Martin,"Vice President, Healthcare","Seattle, WA",Providence
Aaron Skonnard,CEO and Co-founder,"Salt Lake City, UT",Pluralsight
Aaron Vick,Former CEO. Lifelong introvert. Avid technology evangelist. Unapologetic nerd. Best Selling Author. Inventor.,"Jackson, MS",AaronVick.com
Aaron Labbé,Chief Technology Officer & Co-Founder,"Toronto, ON, Canada",LUCID
Aaron Burciaga,"Co-founder, chairman and CEO","Washington, DC",DataPrime
Aaron Harris,CTO,"Atlanta, GA",Sage
Aaron Patzer,Founder & CEO,"Auckland, New Zealand",Vital
Aaron White,Co-founder and Chief Architect,"Miami, FL",Vendr
Aaron Lazor,CEO,"Tel Aviv-Yafo, Israel",MyChargeBack
Aarti Joshi,Co-Founder & CEO,"Chicago, IL",Modak Analytics
Aatish M,Founder,"Seattle, WA",Strac
Ab Gaur,Founder & CEO,Singapore,Verticurl (a WPP Company)
Abakar Saidov,CEO,"London, UK",Beamery
Abdul Subhani,President & CEO,"Austin, TX",Centex Technologies
Abdullah Snobar,Executive Director & CEO,"Toronto, ON, Canada",The DMZ
Abe Ankumah,"VP & GM, SASE","San Francisco, CA",VMware
Abha Dogra,"SVP Digital Technology, Chief Architect and CIO North America","Boston, MA",Schneider Electric
Abhay Mitra,CTO & Co-founder,"San Francisco, CA",Nirvana Tech Inc
Abhay Gupta,Co-founder & CEO,"Los Altos, CA",Bidgely
Abhi Gite,VP Technology,"Houston, TX",Unum
Abhijay Bhatnagar,President and Co-Founder,"New York, NY",Cloaked
Abhijeet Shenoi,Founding Engineer (Head of Machine Learning),"San Francisco, CA",Hakimo Inc
Abhijit Mazumder,Chief Information Officer,"Mumbai, Maharashtra, India",Tata Consultancy Services
Abhik Biswas,Co-Founder & Chief Technology Officer,"Bengaluru, Karnataka, India",Prakat Solutions Inc.
Abhinand Chincholi,President & CEO,"Scottsdale, AZ",OneOrigin Inc.
Abhinav Shashank,Co-founder and Chief Executive Officer,"San Francisco, CA",Innovaccer Inc.
Abhishek Kaushik,CEO & Co-founder,"San Francisco, CA",WeCP (We Create Problems)
Abhishek Trigunait,CTO & Managing Principal,"Pune, Maharashtra, India",ZS Associates Inc
Abhishek Humbad,Founder & CEO,"San Francisco, CA",Goodera
Abhishek Pakhira,Chief Operating Officer,"Greenwood Village, CO",Aureus Tech Systems
Abhishek Rajagopal,CEO,"Chennai, Tamil Nadu, India",Togai Inc.
Achin Bhowmik,Chief Technology Officer and Executive Vice President of Engineering,"Eden Prairie, MN",Starkey
Adam Lieberman,Head of Artificial Intelligence & Machine Learning,"Atlanta, GA",Finastra
Adam Famularo,Chief Executive Officer,"New York, NY",WorkFusion
Adam Ayers,"Consultant - E-Commerce (Shopify Plus), Product Management, Digital Marketing (Facebook Ads, SEO)","Los Angeles, CA",Number 5
Adam Honig,Co-Founder and CEO,"Boston, MA",Spiro.AI
Adam Bayaa,Vice President of Information Technology/Security Officer,"Los Angeles, CA",Heal
Adam Robinson,Founder/CEO,"Austin, TX",Retention.com
Adam Bryant,CEO,"San Francisco, CA",AxleHire
Adam Prout,"Chief Technology Officer, and Co-Founder","Round Hill, VA 20141",SingleStore
Adam Tornhill,"Founder, CTO","Malmö, Sweden",CodeScene
Adam Blue,CTO,"Austin, TX",Q2
Adam Stern,Founder/CEO,"Los Angeles, CA",Infinitely Virtual
Adam Sandman,Founder & CEO,"Washington, DC",Inflectra Corporation
Adarsh Nair,"CEO, Airtel Digital and Chief Product Officer, Airtel","Seattle, WA",Airtel
Adeel Sarwar,CTO,"Franklin Township, NJ",CareCloud
Adeoluwa Akomolafe,Chief Information Officer,"Lagos, Nigeria",Wema Bank
Adhish Kulkarni,Senior Vice President & General Manager,United Kingdom,Evolving Systems
Adi Ekshtain,Co-Founder,"West Palm Beach, FL",Amaryllis Payment Solutions
Adi Ikan,Co-Founder & CEO,"Tel Aviv-Yafo, Israel",Veriti Security
Dr. Adi Hod,CEO,"Tel Aviv-Yafo, Israel",Velotix
Adi Paz,CEO,Israel,Gigaspaces
Adib Naslé,CEO & Co-Founder,"San Diego, CA",XENDEE
Adil Shabbir,Chief Product & Technology Officer,"San Francisco, CA",Atlas
Aditya Malik,Founder & CEO,"Bengaluru, Karnataka, India",ValueMatrix.ai
Aditya Ranjan,"Co-founder, COO & CPO","Mountain View, CA",Cardinal Robotics
Adnan Asar,CEO,"San Francisco, CA","Lucid Lane, Inc"
Adrian McDermott,Chief Technology Officer,"San Francisco, CA",Zendesk
Adrian Gregory,EMEA President,"London, UK",Insight
Adrian Carr,CEO & Board Advisor,"Reading, UK",Stibo Systems
Adrian Dunkley,Founder/CEO,Jamaica,StarApple AI
Adrian Gomez,CEO and Founder,"Miami, FL",Elaniin
Agur Jõgi,CTO,"London, UK",Pipedrive
Ahmed Zaidi,"CEO, Chief Automation Officer","New York, NY",Accelirate
Ahmer Inam,Chief Artificial Intelligence Officer,"Portland, OR",Pactera EDGE
Ahsan Jamil,Managing Partner,Pakistan,sAi Ventures
Aidan Connolly,"President of AgriTech Capital LLC an advisory, consultant, investor in startups. Author.","Wilmington, NC",AgriTech Capital
Aidin Aghamiri,CEO,"San Francisco, CA",ITRenew
Ainsley MacLean,Chief Medical Information Officer,"Washington, DC",Mid-Atlantic Permanente Medical Group I Kaiser Permanente Mid-Atlantic States
Ajai Sehgal,Chief Data & Analytics Officer,"Seattle, WA",Mayo Clinic
Ajay Yadav,Co-Founder,"Los Angeles, CA",Simplified
Ajay Jotwani,CEO,"San Ramon, CA",i2Chain
Ajay Bulusu,Co-founder,Singapore,NextBillion.ai
Ajay Tyagi,Founder and CEO,"Austin, TX",Rialtes Technologies
Ajay Khanna,CEO & Founder,"Reston, VA",Tellius Inc
Ajay Khari,"Global Vice President, Market Innovation and Transformation",Dubai - United Arab Emirates,Meltwater
Ajay Bhalla,"President, Cyber and Intelligence Solutions",United Kingdom,Mastercard
Aji Abraham,Founder and CEO,"Chicago, IL",Armia Systems Inc.
Ajish George,"Managing Director, Cyber Data Science","Baltimore, MD",State Street
Akaash Ramakrishnan,COO,"Pittsburgh, PA",AdSkate Inc
Akash Khurana,Executive Vice President and Chief Information and Digital Officer,"Houston, TX",Wesco International
Akash Goel,Co-Founder and CEO,"San Francisco, CA",Atica
Akash Sharma,CEO & Founder,"New York, NY",Vellum
Akhil Tolani,CTO & Co-founder,India,CassetteAI
Akhilesh Tripathi,CEO,"San Francisco, CA",Digitate
Akram Atallah,CEO,"Los Angeles, CA",Identity Digital Inc.
Akshay Jain,"Co Founder, CEO","San Francisco, CA",UsefulBi Corporation
Al Kingsley,Group CEO / Chairman,"Peterborough, UK",NetSupport
Alaa Youssef,Managing Director EMEA Emerging,United Arab Emirates,SAS
Alakananda Ray,Managing Director,"Kolkata, West Bengal, India",PwC
Alan Baratz,CEO,"Palo Alto, CA",D-Wave
Alan O'Herlihy,CEO,Ireland,Everseen
Dr. Alan Barnard,CEO,"Las Vegas, NV",Goldratt Research Labs LLC
Alan Stoddard,CEO,"Melville, NY",Intellicene
Alan Dillman,Ringmaster,Florida,Marbaloo Marketing
Alberto Yepez,Co-Founder & Managing Director,"San Francisco, CA",Forgepoint Capital
Alejandro Oses,CEO & Co-founder,"Austin, TX",Rootstack
Alejandro Laplana,Chief Executive Officer,"New York, NY",Shokworks
Aleks Farseev,"CEO, Professor","London, UK",SoMin.ai
Aleksandr Galkin,CEO & Co-founder of Competera,"Boston, MA",Competera
Aleksandr Yampolskiy,Co-Founder and Chief Executive Officer,"New York, NY",SecurityScorecard
Aleksandrs Malins,CEO,"London, UK",FortySeven Software Professionals
Aleksey Lapshin,CEO,Dubai - United Arab Emirates,ANY.RUN
Alex Dean,CEO and Co-Founder,United Kingdom,Snowplow
Alex Polyakov,Founder,Israel,Adversa AI
Alex Dzyuba,Founder & CEO,Florida,Lucid Reality Labs
Alex Li,CEO,"San Francisco, CA",Kubit
Alex Gudilko,CEO,"Los Angeles, CA",AJProTech LLC
Alex Shvarts,CEO of Fundkite,"Miami, FL",FundKite
Alex Lutskiy,CEO and Founder,"New York, NY",Innovecs
Alex Circei,CEO / Co-Founder,"San Francisco, CA",Waydev
Alex Birch,CEO,"Melbourne VIC, Australia",XY Sense
Alex Oakley,Head of Mobile Engineering,"San Francisco, CA",Triumph Labs
Alex Pinaev,CEO,Dubai - United Arab Emirates,Maverix
Alex Koshulko,CEO and Co-Founder,"New York, NY",GMDH Streamline
Alex Zap Chernyak,CEO ZAPTEST - The Leading Software Test Automation + RPA Tool,"Atlanta, GA",ZAPTEST
Alex Rees,Chief Technology Officer,"Portland, OR",T.P.R. Industrial Inc
Alex Waddell,Chief Information Officer,"Phoenix, AZ",Adobe Care and Wellness
Alex Bates,Managing Director,"San Diego, CA",Neocortex Ventures
Alex Dizengof,"Founder, CTO","New York, NY",Carbyne
Alex Tosheff,Chief Security Officer,"San Diego, CA",VMware
Alex Ross,Co-Founder & COO,"New York, NY",Hire Horatio CX
Alex Senemar,Chief Executive Officer,"San Francisco, CA",Voxel
Alex Kilpatrick,CTO & Co-Founder,"Austin, TX",Blink Identity
Alex Levin,Co-Founder & CEO,"New York, NY",Regal.io
Alex Keesling,CEO,"Boston, MA",QuEra Computing Inc
Alex Cardona,COO & Co Founder,United Kingdom,Codat
Alex McCurry,CEO/Founder,"San Juan, Puerto Rico",Solidity.io
Alex Kalinovsky,CEO,"Miami, FL",AgileEngine LLC
Alexander Igelsböck,CEO,"London, UK",Adverity
Alexander Hagerup,CEO,"New York, NY","Vic.ai, Inc"
Alexander Högman,CEO & Founder,"Stockholm, Sweden",Mediatool
Alexander Isaacson,Co-Founder and CEO,"New York, NY",Xeal
Alexander Hill,Chief Global Strategist & Cofounder,"Nashville, TN",Senseye
Alexander Belokrylov,CEO,"San Jose, CA",BellSoft
Alexander El-Meligi,Managing Partner & CEO,"Hamburg, Germany",Demodern
Alexander Weltzsch,"CEO, Co-Founder at Dealcode","Hamburg, Germany",Dealcode GmbH
Alexander Radchenko,CEO,"Zug, Switzerland",Intellectsoft
Alexander Lidow,CEO,"Los Angeles, CA",Efficient Power Conversion (EPC)
Alexander Kvamme,CEO,"Palo Alto, CA",Pathlight
Alexander Rinke,Co-CEO,"New York, NY",Celonis
Alexander Gounares,Founder/CEO,"Kirkland, WA",Polyverse
Alexander Konovalov,Founder & CEO,"Zürich, Switzerland",vidby
Alexander Ratner,CEO and Co-founder,"Redwood City, CA",Snorkel AI
Alexandr Khomich,President & CEO,"Berlin, Germany",Andersen
Alexandra McManus,CEO,"Washington, DC",Eyrus
Alexandre Leclerc,Co-founder & CEO,"Quebec, Canada",Poka Inc.
Alexandre Robicquet,Co-Founder & CEO,"Los Angeles, CA",Crossing Minds
Alexandre de Vigan,Founder & CEO,"Paris, France",Nfinite
Alexei Dulub,Founder & CEO,"Lisbon, Portugal",PixelPlex
Alexey Stoletny,Managing Director,"New York, NY",Sigma Software Group
Alexey Aylarov,Co-founder and CEO,"New York, NY",Voximplant (Zingaya Inc.)
Alexey Khursevich,CEO & Co-founder,"Roseville, CA","SOLVD, Inc."
Alexey Semeney,CEO/Founder,"Los Angeles, CA",DevTeam.Space
Alexis Richardson,CEO/ Founder,"London, UK",Weaveworks
Alexis Normand,Founder and CEO,"New York, NY",Greenly
Alfred Kahn,Founder & CEO,"Boca Raton, FL",OvationCXM
Alfredo Ramirez,President & CEO,"Austin, TX",Vyopta
Ali Baghchehsara,General Partner,"Palo Alto, CA","Plasmos, Inc"
Ali Siddiqui,Chief Product Officer,"Houston, TX",BMC Software
Ali Sadri,Chief Technology Officer,"San Diego, CA",Airgain Inc
Ali Shaikh,Chief Product Officer,"Atlanta, GA",Graphiant
Ali El Kaafarani,CEO and Founder,United Kingdom,PQShield Limited
Aliaksandr Kuushynau,Сhief Wialon Officer (Head of Wialon business),"Vilnius, Vilnius City Municipality, Lithuania",Gurtam
Alicia Roach,FOUNDER & JOINT CEO,"Austin, TX",eQ8
Alidar Utemuratov,CEO and Founder,Asia,DAR
Alina Mikay,CEO / founder,"Miami, FL","AboutMe Apps, Inc."
Allen Hartwig,Head of Product & Engineering,"Spokane, WA",Gated
Almog Apirion,"CEO, Co-Founder","Tel Aviv-Yafo, Israel",Cyolo
Alok Tyagi,CEO,"Dallas, TX",Boast AI
Alok Choudhary,Chief Scientist at Mediaocean,"Chicago, IL",Mediaocean
Alok Kulkarni,Chief Executive Officer,"Melbourne VIC, Australia",Cyara Solutions Corp
Alon Hillel-Tuch,Managing Partner,"New York, NY",Stacked Capital
Alon Jackson,CEO & Co-Founder,"New York, NY",Astrix Security
Alon Goren,CEO and Founder,"Atlanta, GA",AnswerRocket
Altaz Valani,Founder,"Toronto, ON, Canada",DevSecOpsMentor.com
Alwar Pillai,CEO and Co-Founder,"Toronto, Canada",Fable
Amanda Dorenberg,President,"Toronto, Canada",COMMB
Amanda Richardson,CEO,"San Francisco, CA",CoderPad
Amanda Zhu,Co-founder,"San Francisco, CA",Recall.ai
Amandeep Midha,Senior Software Engineer,"Bengaluru, Karnataka, India",Hybrid Greentech Energy Storage Intelligence
Amarandhar Kotha,Managing Director,Australia,Datacipher Solutions Pvt Ltd
Amber Allen,Founder/Owner/CEO,"Austin, TX",Double A Labs
Ameesh Divatia,Co-Founder and CEO,"Santa Clara, CA","Baffle, Inc."
Ami Bhatt,Chief Innovation Officer,"Boston, MA",American College of Cardiology
Amir Ashkenazi,Founder & CEO,"San Francisco, CA",Switchboard
Amir Bassan-Eskenazi,"CEO, Co-founder","San Francisco, CA",CommonGround
Amir Kotler,CEO and CO-Founder,"Tel Aviv-Yafo, Israel",Veego Software
Amir Taichman,"Founder, CEO","San Jose, CA",UnitySCM
Amir Khan,Founder & CEO,California,"Alkira, Inc."
Amir Emadi,CEO,"Los Angeles, CA","Toofon, Inc."
Amir Hever,CEO & Co-Founder,New Jersey,UVeye
Amir Hayeri,CEO,"Redwood City, CA",Bio Conscious Tech. INC - Products Endobits + Diabits
Amit Shaked,CEO & Co-founder,"Tel Aviv-Yafo, Israel",Laminar
Amit Ben,"Founder, CEO","Ezor Tel Aviv, Israel",One AI.
Amit Sinha,Chief Technology Officer - SMB and Scale,"Leicester, UK",Microsoft
Amit Narang,Founder and CEO,United Arab Emirates,ICC
Amit Sharma,CEO,"Chapel Hill, NC",CData Software Inc.
Amit Gupta,Head of Center of Excellence for AI and Automation,"New York, NY","Milestone Technologies, Inc."
Amit Garg,CEO & Co-Founder,"Bethesda, MD",HiLabs
Amit Verma,Head Of Engineering,"San Francisco, CA",Neuron7.ai
Amit Samsukha,Director,"Jaipur, Rajasthan, India",Emizen Tech
Amit Eyal Govrin,CEO,"Palo Alto, CA",Kubiya.ai
Amitabha Karmakar,Senior Manager,"New York, NY",Amazon Web Services
Amitkumar Shrivastava,"Head of AI at Fujitsu India, Fujitsu Fellow & Global Fujitsu Distinguished Engineer","Pune, Maharashtra, India",Fujitsu
Amiya Adwitiya,Founder and CEO,"San Francisco, CA",Squadcast Inc
Amol Kale,Chief Technology Officer,"New York, NY",BRE Hotels & Resorts
Amrish Singh,Founder & CEO,"San Francisco, CA",Liberate Innovations Inc.
Amrit Jassal,Chief Technology Officer and Co-founder,"San Francisco, CA",Egnyte
Amy Bunszel,"Executive Vice President, Architecture, Engineering and Construction Design","San Francisco, CA",autodesk.com
Amyn Gillani,Executive Regional Vice President -IT-Innovation,"Houston, TX",McKesson
Ana Codallo,keyopinionleaders.com,"New York, NY",keyopinionleaders.com
Anand Janefalkar,Founder & CEO,"San Francisco, CA",UJET
Anand Sivaraman Subramaniam,CHIEF SOLUTIONS OFFICER,"Chennai, Tamil Nadu, India",KANINI
Anand Logani,CDO,"New York, NY",EXL
Anand Ramanathan,Chief Product Officer,"San Francisco, CA",Skyhigh Security
Anand Mahurkar,Founder and Chief Executive Officer,"Chelmsford, MA",Findability Sciences
Anand Chockalingam,Managing Director,"New York, NY",SAS Insititute Inc.
Anand Oswal,"Senior Vice President, Network Security",California,Palo Alto Networks
Anandh Asokan,Vice President,"Minneapolis, MN",Thrivent
Anantha Ganga,Chief Information Officer,"Santa Clara, CA",Coherent Corp.
Anastasia Volkova,CEO/Co-founder,"Los Angeles, CA",Regrow Ag
Anastasija Oleinika,CEO,"Riga, Latvia",Printify
Anderee Berengian,Cie Digital Labs,"Los Angeles, CA",Cie Digital Labs
Anders Lillevik,CEO,"Atlanta, GA",Focal Point
Andre Sublett,VP of Data and Analytics,"Seattle, WA",Concord Technologies
Andre Reitenbach,CEO,Europe,G-Core
Andre Yee,Chief Executive Officer,"Washington, DC",Triblio
Andre Christ,CEO & Co-Founder,"Boston, MA",LeanIX
Andrea Facini,Chief Product and Growth Officer,"Dallas, TX",WebPT
Andrea Riposati,CEO and Cofounder,"New York, NY",Dante Genomics
Andreas Eschbach,CEO and Founder of eschbach,"Boston, MA",eschbach GmbH and North America Inc.
Andreas Hassellöf,CEO,"Stockholm, Sweden",Ombori
Andreas Pettersson,CEO,"Irvine, CA",Arcules
Andreas Bubenzer-Paim,"Managing Director, Head of Technology Banking","San Francisco, CA",Bank of the West
Andrei Kasyanau,CEO,"Jersey City, NJ",Glorium Technologies
Andres Angelani,Chief Digital Transformation Officer,"New York, NY",Speedcast
Andres Zunino,CEO,"Montevideo, Montevideo Department, Uruguay",ZirconTech
Andrew Gazdecki,Founder,"San Mateo, CA",MicroAcquire
Andrew Blackman,Founder and CEO,"New York, NY",EZ Cloud
Andrew Brust,Founder & Chief Executive Officer,"New York, NY",Blue Badge Insights
Andrew Cowart,CTO,"Nashville, TN",Metova
Andrew Zhou,Co-founder/CTO,"New York, NY",Kona
Andrew Hollister,CISO and VP Labs R&D,"London, UK",LogRhythm
Andrew Barlow,Co-Founder & CEO,"Manchester, UK",Chatloop
Andrew Murray,CTO,"Seattle, WA",Olo
Andrew Kucheriavy,CEO (Also CTO),"Chicago, IL",Intechnic
Andrew Colby,Vice President AIOps,"Rockville, MD","Vitria Technology, Inc."
Andrew Lau,CEO,"Boston, MA",Jellyfish
Andrew Duncan,CEO and Managing Partner,"London, UK",Infosys Consulting
Andrew Kahl,CEO,"Dallas, TX",BackBox
Andrew Zeswitz,Chief Technology Officer,"Fairfax, VA",REI Systems
Andrew Sever,Founder & CEO,"Tel Aviv-Yafo, Israel",Sumsub
Andrew Zeck,CTO,"Los Angeles, CA",Saucey
Andrew Sullivan,President & CEO,"Toronto, ON, Canada",Internet Society
Andrew Forbes,CRM Project Manager and Solution Architect,"Hillsboro, VA 20132",CRM Project Manager and Solution Architect
Andrii Korolov,Founder,"Austin, TX",MavenEcommerce Inc.
Andrés Irlando,President at Zayo Group,"Atlanta, GA",Zayo Group
Andy Purdy,Chief Security Officer,"Washington, DC",Huawei Technologies Co. Ltd
Andy Dalton,CIO,"Indianapolis, IN","CREA, LLC"
Andy Boyd,Chief Product Officer,"Bokeelia, FL 33922",Appfire
Andy Kaiser,CEO & Co-Founder,"Berlin, Germany",Ninetailed
Andy Chu,Senior Vice President Product & Technology Incubation,Washington State,Providence Digital Innovation Group
Andy Patel,CTO,"Columbia, SC",HillSouth
Andy Barratt,"Vice President, Technology & Enterprise","Manchester, UK",Coalfire
Angam Parashar,CEO,"Seattle, WA","ParallelDots, Inc."
Angela Kyerematen-Jimoh,"National Digital Transformation Lead, Africa","Casablanca, Morocco",Microsoft
Angelic Gibson,Chief Information Officer,"Charlotte, NC","AvidXchange, Inc."
Angelo Stracquatanio,CEO & Co-founder,"Jersey City, NJ",Apprentice
Angie Franks,CEO,"St Paul, MN",ABOUT
Angus Ward,CEO,Portugal,Beyond Now
Anil Somani,Chief Transformation Officer,"San Jose, CA",Altimetrik
Anil Gupta,CEO & Co-Founder,"Austin, TX",Multidots
Anil Mathews,CEO,"Los Angeles, CA",Near
Anila Siraj,Alternative Fuels Strategist,"New York, NY",Independent Consultant
Anirudh Singla,Co-founder and CEO,"San Francisco, CA",Pepper Content
Anirudh Kala,"Ceo , co-founder",India,Celebal Technologies
Anis Jaffer,Chief Product Officer,"New York, NY","Numeracle, Inc."
Anita Ali,"SVP, Digital Product Manager Director","Raleigh, NC",Wells Fargo
Anjali Chhabra Nandwani,Global Competency Head - ADMSNXT & Quality Engineering Services,"Frisco, TX",Tech Mahindra Americas Inc.
Anju Chaudhary,CEO,"Chicago, IL",Sawanah Inc.
Anjul Bhambhri,"Vice President, Platform Engineering","San Jose, CA",Adobe
Ankit Saxena,Founder and CEO,"Mountain View, CA",Thena
Ankor Rai,Chief Digital Officer,"New York, NY",EXL Service
Ankur Mishra,Director of Engineering,Singapore,Ethos Life
Ankur Sinha,Chief Technology Officer,"Seattle, WA",Remitly
Ankush Sabharwal,Founder & CEO,"Bengaluru, Karnataka, India",CoRover
Ann Barnes,Chief Executive Officer,"Chicago, IL",Intelligent Medical Objects
Ann Westerheim,Founder and President,"Westford, MA 01886",Ekaru
Ann Marie Sastry,CEO & Founder,"Detroit, MI",Amesite
Anna Buldakova,CEO,"London, UK",Vektor AI
Anna Frazzetto,Global Chief Revenue Officer,"Houston, TX",Airswift
Anne Lise Waal,Co-founder & CPO at Aiba.ai,"Oslo, Norway",Aiba
Anne-Lise Sharbatian,Co-Founder,"Los Angeles, CA",Tempo
Annette Klososky,Founding Partner,"Oklahoma City, OK",Future Point of View
Annie Chandler Wang,"Co-founder, Chief Product Officer, Creative Director","Miami, FL",Her Campus Media
Anshu Bansal,Co-Founder & CEO,"Palo Alto, CA",CloudDefense.AI
Anshul Sheopuri,"Senior Vice President, People Analytics & Insights","Jersey City, NJ",Mastercard
Anthony Capone,CEO,"New York, NY",DocGo
Anthony Deighton,Chief Product Officer,"Cambridge, MA",Tamr
Anthony Hughes,Co-Founder & CEO,"Cleveland, OH",Tech Elevator
Anthony Christian,Co-Founder & CIO,"San Francisco, CA",Typedream
Anthony Mironov,"CEO, Founder","New York, NY",Wingspan
Anthony Brooke,Chief Technology and Innovation Officer,"Rockville, MD","DrFirst, Inc."
Anthony Lancaster,Co-Founder / Managing Partner,"San Diego, CA",Professional Robots
Antoine Galand,"Director, Engineering","San Francisco, CA",GraphWear Technologies Inc.
Anton Abyzov,"Founder & CEO of EasyChamp, CTO at Softgreat","Houston, TX",Softgreat
Antonela Zubak,Chief Information Officer,"New York, NY",viahub
Antonio Marin,Chief Information Officer,"Houston, TX",US Med-Equip
Antti Nivala,Founder and CEO,"Austin, TX",M-Files
Anu Jekal,Co-Founder/CEO,"Folsom, CA",Data Surge LLC
Anudeep Parhar,Chief Operating Officer,"Minneapolis, MN",Entrust
Anudeep Bhatia,Chief Executive Officer,"San Francisco, CA","Nsight, Inc."
Anuj Kapuria,Founder & CEO,India,The Hitech Robotic Systemz Ltd
Anupriya Ramraj,"Partner, Cloud & Digital",California,PriceWaterhouse Coopers
Anurag Malik,President & Chief Technology Officer,"Los Gatos, CA",ContractPodAi®
Anurag Gupta,Founder/CEO,"San Francisco, CA",Shoreline.io
Anwesha Jalan,"VP, Growth and Product Management","San Francisco, CA",Strava
Aparna Khurjekar,"CRO, Business Markets & SaaS, Verizon Business","New York, NY",Verizon
Apu Pavithran,Founder and CEO,"Los Angeles, CA",Hexnode
Apurva Kadakia,Chief Customer Officer,"New York, NY",Hanu
Arash Aghlara,Founder and CEO,"Melbourne VIC, Australia",FlexRule
Arash Asli,CEO,"Vancouver, Canada",Yocale
Archie Agarwal,Founder & CEO | Chief Technical Architect,"Jersey City, NJ","ThreatModeler Software, Inc."
Ari Kahn,President and CEO,New York State,Bridgeline Digital
Ari Banerjee,"Senior Vice President, Strategy",Massachusetts,Netcracker Technology
Ari Jacoby,CEO + co-founder,"New York, NY",Deduce
Ariel Katz,CEO and Co-Founder,"New York, NY",H1
Arjun Ramamurthy,Global CTO,"Los Angeles, CA",Ateliere Creative Technologies
Arjun Bhatnagar,CEO,"New York, NY",Cloaked
Arman Eshraghi,Founder and CEO,"Austin, TX",Qrvey
Armen Tatevosian,CEO,Illinois,ELASTECH Services
Arnab Sen,Vice President Data Engineering,"Dallas, TX",Tredence Inc.
Arnav Bathla,Founder and CEO,"San Francisco, CA",Layerup (rebranded from Coinbooks)
Arnie Gordon,President,"New York, NY",Arlyn Scales
Art Zeile,CEO,"Denver, CO","DHI Group, Inc"
Art Gilliland,Chief Executive Officer,"San Francisco, CA",Delinea
Arthur Pereless,President/CEO,"Red Bank, NJ",Pereless Systems /ATS OnDemand
Arthur Miller,Chief Technology Officer,"Scottsdale, AZ",equipifi
Arti Raman,Founder and CEO,"San Jose, CA",Titaniam
Arto Minasyan,Co-Founder & President,"San Francisco, CA",10Web
Arturo Garcia,CEO and Founder,"Madrid, Spain",DNAMIC
Arturs Kruze,CEO,"Riga, Latvia",Magebit
Artyom Poghosyan,CEO & Co-Founder,"Los Angeles, CA",Britive
Arun Kumar,Chief Data & Marketing Technology Officer,"New York, NY",IPG
Arun Upadhyay,Founder & CEO,"New York, NY",LionO360
Arun Samuga,Chief Innovation Officer,"Atlanta, GA","Elemica International, Inc."
Arun Kumar,Head of IT,"Reston, VA",Revature
Aruna Ravichandran,"SVP & CMO, Webex by Cisco","Los Gatos, CA","Cisco Systems, Inc."
Arungalai Anbarasu,Chief Technology & Strategy Officer,"Hanover, Germany",Waygate Technologies - a Baker Hughes Business
Arvind Jain,CEO,"Palo Alto, CA",Glean
Arvind Muthukrishnan,"Head of Product, Wickr","Seattle, WA",Amazon Web Services
Arvind Kandula,Chief Technology officer,"Columbus, OH",DevCare Solutions
Asad Khan,CEO and Co-Founder,"San Francisco, CA",LambdaTest Inc
Asaf Kochan,"Co-Founder and President, Sentra | Former Commander of Unit 8200","Tel Aviv-Yafo, Israel",Sentra
Asaf Ashkenazi,CEO,"San Diego, CA",Verimatrix
Asanka Abeysinghe,CTO,"San Francisco, CA","WSO2, Inc"
Ash Vesali,Director of Commercialisation,"Melbourne VIC, Australia",Iota
Asha Sharma,Chief Operating Officer,"Seattle, WA",Instacart
Ashish Kachru,"CEO, DataLink Software","Reston, VA",DataLink Software
Ashish Goyal,CEO,"San Francisco, CA",SRIJAN
Ashish Garg,Co-founder & CEO,"Milpitas, CA 95035",Eltropy
Ashish Fernando,CEO,"Salt Lake City, UT",iSchoolConnect
Ashish Srimal,co-founder and CEO,"San Francisco, CA",Ratio
Ashley Stephenson,CTO,"New York, NY",Corero
Ashmeet Singh Rekhi,Founding Engineer,"San Jose, CA",Luminai
Ashok Balasubramanian,Chief Executive Officer,India,Open Weaver Inc
Ashok Reddy,CEO,"New York, NY",KX
Ashwin Rangan,SVP Engineering & CIO,"Orange County, CA",ICANN
Asif Hasan,Co-founder and President,"Marlborough, MA",Quantiphi
Asif Alam,CEO/Board Member,"San Francisco, CA",Compliance.ai
Asif Makhani,CTO,"San Francisco, CA",Handshake
Asim Rizvi,Chief Product Officer,"New York, NY",Nuvolo
Asim Razzaq,"CEO, Founder","Palo Alto, CA",Yotascale
Assaf Ronen,Chief Platform Officer,"Seattle, WA",Payoneer
Assaf Baciu,Co-founder and COO,"London, UK",Persado
Assaf Feldman,CTO and Co-Founder,"New York, NY",Riskified
Aswin Sarang,CEO,Dubai - United Arab Emirates,Reliable Robotics LLC
Atal Bansal,President & CEO,"Sunrise, FL",Chetu
Atif Khan,CTO/Co-founder,"San Jose, CA",Alkira
Atul Sharma,Chief Technology Officer,"New York, NY",Peak
Atul Vashistha,Chairman,"New York, NY",Supply Wisdom
Atul Tulshibagwale,Chief Technology Officer,"Palo Alto, CA",SGNL.ai
Atur Mehta,Co-Founder & CTO,"Fremont, CA",Square Off
Aubrey Tucker,Co-Founder & CEO,"British Columbia, Canada",LEVEL Bot Technology Inc.
Aurangzeb Khan,"Senior Vice President, Intelligent Vision Systems","Cupertino, CA",Jabra (GN Audio)
Austin Lawson,President,"Knoxville, TN","Thirium, Inc"
Austin Gadient,CTO and Co-Founder,"Albuquerque, NM",Vali Cyber
Avani Desai,Chief Executive Officer,"Orlando, FL",Schellman
Avetis Antaplyan,Founder & CEO,"Los Angeles, CA",HIRECLOUT
Avi Shua,Chief Innovation Officer,"Tel Aviv-Yafo, Israel",Orca Security
Avi Veidman,CEO,Israel,Nucleai
Aviv Grafi,CTO/Founder,Israel,Votiro
Aydin Kilic,CEO,"Vancouver, BC, Canada",HIVE Digital Technologies
Ayesha Khanna,Co-founder and CEO,Singapore,Addo
Ayman Hariri,CEO,South Africa,Vero
Ayman Shoukry,CTO,"Santa Ana, CA",Specright Inc.
Aymeric Roffé,CEO,"Paris, France",Wizz
Aytunc Ozturk,Founder & CEO Mother.com,"San Diego, CA",Mother.com
Ayush Jasuja,Co-Founder,"San Francisco, CA",SpeedyBrand
Azmath Pasha,Chief Technology Officer,"Naperville, IL",Metawave Digital
Azra Nurkic,CEO and Co-founder,"Washington, DC",Institute for Development Impact
BJ Sievers,Chief Information Officer,"Lexington Park, MD",Cedar Point Federal Credit Union
BJ Vander Linden,CIO,"Salt Lake City, UT",The Larry H Miller Company
Babak Hedayati,CEO & Co-Founder,"San Francisco, CA",TapClicks
Babu Sivadasan,Chairman & CEO,"San Francisco, CA",JIFFY.ai
Bagirathi Narayanan,Senior Vice President - Chief Technology Architect,"Wake Forest, NC 27587",Teladoc Health
Bagrat Safarian,CEO & Co-Founder of Local Express,"California City, CA",Local Express
Balaji Raghavan,Chief Technology Officer,"San Francisco, CA",Uniphore
Balaji Sreenivasan,Founder & CEO,"Austin, TX",Aurigo Software Technologies Inc.
Bankim Chandra,CEO,"London, UK",DotSquares LLC
Banwari Agarwal,"CEO of Banking, Financial Services and Insurance","Hartford, CT",Sutherland
Barada Sahu,"Founder, CEO",India,Mason
Barry Cousins,Distinguished Analyst & Research Fellow,"Ontario, Canada",Info-Tech Research Group
Barry Cooper,"President, CX Division","Hoboken, NJ",NICE
Barry Field,Chief Executive Officer,"Miami, FL",Appgate
Bart De Muynck,Strategic Advisor,"Keller, TX",Bart De Muynck LLC
Bart Van Aardenne,CEO and Co-Founder,"Orange County, CA",Terranet Communications
Bart McDonough,Founder and Chief Executive Officer at Agio,"New York, NY",Agio
Bartosz Kubik,Co-Founder,Poland,Ekoenergetyka - Polska SA
Bartosz Skwarczek,CEO & Founder,"Amsterdam, Netherlands",G2A Capital Group
Bashar Hindi,CEO,"Houston, TX",ServerMonkey.com
Bashir Abdallah,Chief Product Officer,"Burlington, VT",XOi Technologies
Basil Alwan,CEO,"San Francisco, CA",Tarana Wireless
Bastin Gerald,Profit.co,"San Francisco, CA",Profit.co
Beck Besecker,Founder & CEO,"St. Petersburg, FL",Marxent
Beena Jacob,Chief Technology Officer,"Marlboro, NJ",Donoma Software
Beenu Arora,Chairman and CEO,"Melbourne VIC, Australia",Cyble Inc.
Bejoy Pankajakshan,EVP - Chief Technology & Strategy Officer,"Dallas, TX",MAVENIR
Bel Lepe,CEO & Co-Founder,"Compton, CA",Cerby
Ben Wiechman,Director of Network Strategy and Engineering,"Melrose, MN 56352",Arvig
Ben Pippenger,Chief Strategy Officer,"Indianapolis, IN",Zylo
Ben Herzberg,Chief Scientist,Israel,Satori
Ben Knaus,CEO,"Minneapolis, MN",Rillafi
Ben Johnson,Founder/CEO,"London, UK",BML Digital
Ben Freedman,CEO,"Chicago, IL",Boomerang Returns
Ben Ben Aderet,CEO,"Sunnyvale, CA","GRSee Consulting, Consilium Labs"
Ben Finke,Co-Founder/CTO,"Jacksonville, FL",OnDefend
Ben Dittman,Founder,"Bend, OR",Avea Solutions
Ben Forgan,CEO and co-founder,"Chicago, IL",Hologram
Benjamin Crudo,CEO,"Montreal, Canada",Diff Agency
Benjamin Durham-Kilcullen,"VP, Engineering","Austin, TX",Stova
Benjamin Fabre,"Co-founder, Chief Executive Officer","New York, NY",DataDome
Benjamin Chou,President,"Fountain Valley, CA 92708",Personable
Benny Lakunishok,CEO and Co-Founder,Israel,Zero Networks
Benny Buller,Founder and CEO of Velo3D,"San Francisco, CA",Velo3D
Bentsi Benatar,"CMO, Co-founder","Tel Aviv-Yafo, Israel",Sepio
Bernadette Nixon,Chief Executive Officer and Board Member,"Boston, MA",Algolia
Bernard Fraenkel,Practice Lead,"San Francisco, CA",Silicon Valley Software Group
Bernd Greifeneder,Founder/ CTO,"Linz, Austria",Dynatrace
Bertrand Chen,CEO,Hong Kong,Global Shipping Business Network
Bethlam Forsa,Chief Executive Officer,"New York, NY",Savvas Learning Company
Bhakti Vithalani,Founder & CEO,"San Francisco, CA",BigSpring
Bhanu Jagasia,Chief Technology Samurai,"McLean, VA",bladestack.io
Bharat Sunkari,CEO & Technology Principal,"Chicago, IL",Tek Analytics
Bharath Srinivas,"Global CTO, Accenture Workday Business Group","San Francisco, CA",Accenture
Bhaskar Gangipamula,Founder and President,"Seattle, WA",Quadrant Resource LLC
Bhaskar Roy,VP Growth,"San Francisco, CA",Workato
Bhavani Amirthalingam,"Senior Vice President, Chief Digital Information Officer","St. Louis, MO",Ameren Corporation
Bhavna Juneja,Global CEO,"Greenwich, CT","Infinity, a Stamford Technology Company"
Bhavya Gohil,Co-Founder & CEO,California,Square Off
Bhupesh Timsina,Director- Digital Business & Technology Strategy,"Austin, TX",Cognizant
Bhushan Parikh,Co-Founder and Principal,"Scottsdale, AZ","Get Digital Velocity, LLC"
Bibhakar Pandey,CEO,"Atlanta, GA",CX Studios
Biju Nair,"EVP & President, Global Connected Living","Chicago, IL",Assurant
Bikram Dahal,Co-founder & CTO,"New York, NY",Docsumo
Bilal Khan,Chief Technology & Security Officer,"Newark, NJ",NJ TRANSIT
Bill McSorley,President,"New York, NY",WM3 Group LLC
Bill Rokos,CTO,"Anaheim, CA",Parsec Automation
Bill Bruno,CEO,"Barrington Hills, IL","Celebrus, a D4t4 Solutions Company"
Bill Catania,Founder & CEO,"Orlando, FL",OneRail
Bill Brown,Chairperson and Co-Founder,"New York, NY","8 Rivers Capital, LLC"
Bill Conner,President and CEO,"Dallas, TX",SonicWall
Bill Edwards,President,"Colorado Springs, CO",Building Intelligence
Bill Waid,Chief Product and Technology Officer,"San Rafael, CA",Fico
Bill Miller,CEO,"Kansas City, MO",WellSky
Bill Pappas,Head of Global Technology and Operations,"Charlotte, NC",MetLife
Bill Magnuson,CEO and Cofounder,"New York, NY",Braze
Bill Geary,Executive Vice President and General Manager – Communications & Security Solutions,"Chicago, IL",Wesco
Bill Lowrey,CTO,"Dallas, TX",Istation
Bipul Sinha,CEO & Co-Founder,"San Francisco, CA",Rubrik
Bishnu Nayak,Head of AI Engineering and Innovation,"San Francisco, CA",Kimberly-Clark Corporation
Bjorn Kolbeck,Founder and CEO,"San Francisco, CA",Quobyte
Blake Teipel,CEO,"Austin, TX","Essentium, Inc."
Blake Brannon,Chief Product & Strategy Officer,"Atlanta, GA",OneTrust
Bo Davis,Co-Founder & CEO,"Washington, DC",MarginEdge
Boaz Katz,Co-Founder & Chief Data Officer,Israel,Bizzabo
Bob Venero,President and CEO,Florida,"Future Tech Enterprise, Inc."
Bob Hampe,President & CEO,"Denver, CO",Actall
Bob Dechant,Chief Executive Officer,"Washington, DC",ibex
Bob Karschnia,CEO,"Frisco, TX",Sentient Energy
Bob Bruns,Chief Information Security Officer,"Chicago, IL",Avanade
Bob Quillin,Chief Ecosystem Officer,"Austin, TX",vFunction
Bob van Luijt,CEO and co-founder,"San Francisco, CA",Weaviate
Bob Fabien Zinga,CISO,"San Francisco, CA",Santa Clara University
Bobbi Alexandrova,"SVP, Engineering","Salt Lake City, UT",Loopio
Bobby Patnaik,Chief Technology Officer,"New York, NY",Lafayette Square Holding Company LLC
Bobir Akilkhanov,Founder & CEO,"Jersey City, NJ",Jafton.com
Bojan Šimić,"Cofounder, CEO, CTO","New York, NY",HYPR Corp.
Boris Kontsevoi,President & CEO,"Naples, FL",Intetics Inc.
Boris Abaev,CEO & Co-Founder,"New York, NY",Bidease
Boyan Ivanov,CEO & co-founder,"Sofia, Bulgaria",StorPool Storage
Boyd Clewis,Co-Founder,"Dallas, TX",Baxter Clewis Cybersecurity
Bozhanka Vitanova,Founder & CEO,"New York, NY",TeamLift
Brad Redding,Founder & CEO,"Charleston, SC",Elevar
Brad Mallard,Chief Technology Officer (CTO),United Kingdom,Version 1
Brad Thomas,Chief Executive Officer,"Sydney NSW, Australia",Prophecy International
Brad Parks,Chief Product Officer,Colorado,Morpheus Data
Brad Arkin,"SVP, Chief Security & Trust Officer at Cisco","San Jose, CA",Cisco
Brad Porter,CEO,"Auckland, New Zealand",Orion Health
Brad Anderson,"President, Products and Services","Provo, UT",Qualtrics
Brad Sousa,Chief Technology Officer,"San Diego, CA",AVI Systems
Brady Brim-DeForest,CEO,"Los Angeles, CA",TheoremOne
Bran Ferren,Co-founder and Chief Creative Officer,"Beverly Hills, CA",Applied Minds
Brandi Vandegriff,Chief Technology Officer,"Denver, CO",Alchemer
Brandi Ward,Chief Information Officer,"Wesson, MS 39191",Reagan Family of Companies
Brandon Carl,Senior Director of Artificial Intelligence,"New York, NY",Digital Reasoning
Brandon Daniels,CEO,"Washington, DC",Exiger
Brandon Holden,CEO,"Park City, UT",Eptura
Brandon Bunker,"Vice President of Engineering, Video and Computer Vision","Provo, UT","Vivint Smart Home, Inc"
Brandon Huff,CEO and Co-Founder,"Charleston, SC","TrueFill, Inc."
Branick Weix,CEO,"Boston, MA",Aryeo
Brendan O’Reilly,Group Chief Operating Officer,"London, UK",Boldyn Networks
Brendan O’Connor,CEO and co-founder,"San Francisco, CA",AppOmni
Brenn Hill,Head of Engineering,Vietnam,ZaloPay
Brent Yax,CEO,"Detroit, MI",Awecomm
Brent McCarty,"President, North America","San Diego, CA",ESET
Bret Jordan,Chief Security Strategist,"Salt Lake City, UT",Afero
Brett Austin,Director of Technology,"Kansas City, MO","Argus Consulting, Inc."
Brett Burnett,CEO,"Austin, TX",The BHW Group
Brett Diamond,CEO,No,11:11
Brian Fox,CTO and cofounder,"Goffstown, NH","Sonatype, Inc."
Brian Quinn,President & GM,"San Francisco, CA",AppsFlyer
Brian Fritton,CEO & Founder,"Chicago, IL",Havoc Shield
Brian Keith,Microsoft Federal Azure Data & AI Leader,"Washington, DC",Microsoft
Brian Murphy,CEO & Founder,"Tampa, FL",ReliaQuest
Brian Crotty,CEO,"Atlanta, GA",Fusion Connect
Brian McMahon,President & CEO,"Washington, DC","ThreatBlockr, Inc."
Brian Waldon,Vice President of Product,Washington State,Diamanti
Brian Benn,CIO/SVP,"Atlanta, GA",Atlanta Housing Authority
Brian Neely,CIO + CISO,"Washington, DC",AMERICAN SYSTEMS
Brian Frost,Vice President of Engineering and Operations,"Lake Oswego, OR",Lightspeed Aviation
Brian Spanswick,Chief Information Security Officer and Head of IT,"San Francisco, CA",Cohesity
Brian Walker,"Founder, CEO","Dallas, TX",The CAP Group
Brian Contos,Chief Strategy Officer,"Dublin, CA 94568",Sevco Security
Brian Jackson,Research Director,"Toronto, ON, Canada",Info-Tech Research Group
Brian Berger,President & BOD,"Orange, CA",Cytellix Corporation
Brian Sathianathan,Chief Digital Officer and Co-Founder,"San Jose, CA",Iterate.ai
Brian Pierce,Chief Executive Officer,"San Francisco, CA",CodeLogic
Brian Greenberg,"CIO/CTO, Partner","Chicago, IL",Fortium Partners LP
Brian Reed,Chief Mobility Officer,"Washington, DC",NowSecure Mobile
Brian Stafford,CEO,"New York, NY",Diligent Corporation
Brian Crannell,"Senior Vice President, Corporate Development and Audio Solutions","Clarendon Hills, IL 60514",Knowles Corporation
Brian Platz,Co-founder and co-CEO,"Winston-Salem, NC",Fluree
Brian Bronson,"Executive Vice President, Telecommunications, Media, and Technology Markets","New York, NY",Capgemini Americas
Brian Peterson,Chief Technology Officer,"San Francisco, CA",Dialpad
Brian Foy,Chief Product Officer,"Chicago, IL",Q-Centrix
Brien Colwell,Founder,"San Francisco, CA",BringYour
Brigham Hyde,"President, Data & Analytics","New York, NY",Eversana
Brittany Greenfield,Founder/CEO,"Boston, MA",Wabbi
Brittney Tierce,SVP of Technology and Security,"Pomona, CA",Visory Health
Bron Gondwana,CEO,"Melbourne VIC, Australia",Fastmail
Brooks Borcherding,CEO,"New York, NY",Cloudreach
Bruce Kornfeld,Chief Product Officer,"San Diego, CA",StorMagic
Bruce Kelley,Chief Technology Officer / SVP,"Boston, MA",NetScout Systems
Bryan Williams,Chief Strategy Officer & Director,Pennsylvania,DigiTrends Global Inc.
Bryan Dove,CEO,"Seattle, WA",CommerceHub
Bryan Helmkamp,CEO,"New York, NY",Code Climate
Bryan Smith,Senior Dir. of Technology Research,"Spokane, WA",RiskLens Inc
Bryton Shang,Founder and CEO,"San Francisco, CA",Aquabyte
Bui Hoang Tung,SEVP,"Dallas, TX",Rikkeisoft
Burc Tanir,CEO,"İstanbul, Türkiye",Prisync
Burkhard Boeckem,CTO,"Zürich, Switzerland",Hexagon AB
Buyan Thyagarajan,"Partner, Salesforce CRM Practice Lead","Philadelphia, PA",Eigen X
Byron Fernandez,Group Chief Information Officer,Singapore,TDCX
CJ Colavito,VP of Engineering,"Rockville, MD",Standard Solar
Callum Adamson,CEO,"London, UK",Distributed
Calvin Rhodes,President & CEO,Maryland,"IP-Plus consulting, Inc."
Camellia Chan,CEO and Co-founder of Flexxon,Singapore,Flexxon
Camille Morvan,"Co-founder, chairman & Chief Evangelist",France,Goshaba
Candan Bolukbas,CTO and Co-founder,"Boston, MA",Black Kite
Carl T. Foster,Chief Business Officer,"Boston, MA",Standigm
Carl Rodrigues,"President, CEO and Founder","Mississauga, ON, Canada",SOTI Inc.
Carl Pihl,Founder,"London, UK",TicketingHub
Carl Moberg,CTO and co-founder,"Stockholm, Sweden",Avassa
Carl Hung,President & CEO,Hong Kong,Season Group
Carl Reuterskiold,CEO,"Stockholm, Sweden",Qbtech
Carlo Tortora Brayda,Chairman,"Perpignan, France",Tortora Brayda Institute
Carlos Melendez,Co-Founder & Chief Operating Officer,"San Juan, Puerto Rico",Wovenware
Carlos Morales,SVP of Solutions,"Leominster, MA",Vercara
Carmen Ene,CEO BNP Paribas 3 Step IT and 3stepIT,"Paris, France",3stepIT & BNP Paribas 3 Step IT
Caroline McCaffery,CEO,"New York, NY",ClearOPS
Caroline Wong,Chief Strategy Officer,"Portland, OR",Cobalt
Carolyn Raab,Chief Product Officer,"Ottawa, Canada",Corsa Security
Carsten Kraus,Founder & CEO,"Pforzheim, Germany",CK Holding GmbH | Casablanca.ai
Carter Busse,CIO,"San Francisco, CA",Workato
Casey Ellis,"Co-Founder, CTO, and Chairman of the Board","San Francisco, CA",Bugcrowd
Catherine Tabor,Founder & CEO,"Atlanta, GA",Sparkfly
Cecilia Retelle Zywicki,CEO,"Denver, CO",PATHWAYos
Cenk Sidar,Co-Founder & CEO,"Washington, DC",Enquire AI
Chad Billingsley,IT Manager,"San Francisco, CA",Coupa Software
Chad Steelberg,Chairman,"Orange County, CA",Veritone
Chafik Belhaoues,CEO,"New York, NY","Brainboard, Inc"
Chaitanya Vaidya,AI Founder with AI Patent,"Dallas, TX",AI Founder with AI Patent
Chaitra Vedullapalli,Co-founder and President,"Seattle, WA",Women in Cloud
Chakri Gottemukkala,Co-Founder and CEO,"Dallas, TX","o9 Solutions, Inc."
Chander Damodaran,Chief Technology Officer,India,Brillio
Chandra Khatri,Co-founder,"San Francisco, CA",Got It AI
Chandra Ranganathan,Co-Founder and COO,"San Francisco, CA",Opsera Inc.
Chandra Gundlapalli,"Senior Vice President, Digital Transformation","Dallas, TX",CriticalRiver
Chao Cheng-Shorland,Co-Founder and CEO at ShelterZoom,"New York, NY",ShelterZoom
Charan Gowda,Vice President of Information Technology,"Houston, TX",Mears Group Inc
Charles Sheppard,Chief Product Officer & Chief Operating Officer,"Toronto, ON, Canada",eCapital
Charles Aunger,"Managing Director, Technology","Menlo Park, CA",Health2047 - American Medical Association
Charles Bankston,SVP & Chief Information Officer,"Columbus, OH","NiSource, Inc."
Charles Xie,CEO,"Redwood City, CA",Zilliz Inc
Charlie Burgoyne,Founder & CEO,"Austin, TX",Valkyrie
Charlie Alsmiller,CEO,"Dallas, TX",APIWORX
Charos Boboyorova,Full Stack Low-Code Developer,"Miami, FL",Self-Employed
Chemi Katz,CEO and Co-Founder,"Tel Aviv-Yafo, Israel",Namogoo
Chen Zhuling,Founder & CEO,Singapore,RockX
Chengyang (Bryce) Yao,Founder/Chief Engineer,"San Francisco, CA",MagIC Lifescience
Chenyu Ren,Co-Founder,"San Francisco, CA","Markai, Inc."
Cheri Beranek,CEO,"Brooklyn Park, MN",Clearfield
Chester Wisniewski,Field CTO Applied Research,"Vancouver, BC, Canada",Sophos
Chet Kapoor,Chairman & CEO,"Santa Clara, CA",DataStax
Chetan Dube,CEO,"New York, NY",Amelia
Chetan Mathur,CEO,"Toronto, ON, Canada",Next Pathway
Chinmay Barve,VP of Engineering,"San Francisco, CA",Mixpanel
Chiranjiv Roy,"Global Head of Industry 5.0, Data Sciences & Applied AI","Bengaluru, Karnataka, India",Course5 Intelligence
Chithrai Mani,CEO,"Dallas, TX",Digit7
Chitra Sivanandam,Co-Founder,"Leesburg, VA","Rohirrim, Inc"
Chock Karuppaiah,Chief Technology Officer,"Newark, CA 94560",Ohmium International Inc.
Chris Bone,CEO,United Kingdom,Modulous
Chris Barbin,Chris Barbin - Founder & CEO,"Chicago, IL",Tercera
Chris James,CEO,"Denver, CO",Scaled Agile
Chris Gray,Chief Technology Officer,"Atlanta, GA",RENU Communities
Chris Heard,CEO & Co-founder,"Victoria, BC, Canada",Olive Technologies
Chris Savage,"Founder, CEO","Boston, MA","Wistia, Inc"
Chris Schueler,CEO,"Alpharetta, GA",Simeio
Chris Morton,Co-Founder / COO Cognito (Part of Plaid),California,Plaid
Chris Hewish,President,"Raleigh, NC",Xsolla
Chris DePuy,Technology Analyst and Founder,"Reno, NV",650 Group
Chris Ball,CTO,"Boston, MA",Echobind
Chris Stegner,CEO and Co-Founder,"Fort Lauderdale, FL",Very Big Things
Chris Wysopal,"CTO, co-founder","Concord, MA",Veracode
Chris Johnson,CEO,"Denver, CO",Effective Soft
Chris Holmes,CEO/President,"Washington, DC",Grey Matter
Chris Ciabarra,"CTO and Co-Founder, Athena Security Inc with Temperature Detection","Austin, TX",Athena Security Inc
Chris Novak,"Global Director, Threat Research Advisory Center","New York, NY",Verizon
Chris Kirby,Technology Advisor,"London, Canada",Retired
Chris Purcell,Vice President and Chief Information Officer,"Seattle, WA",PEMCO Mutual Insurance Company
Chris Copeland,Chief Technology Officer,"Dallas, TX",Bestow
Chris Fernandez,Co-founder & CEO,"Madison, WI",EnsoData
Chris Turlica,Chief Executive Officer,"Miami, FL",MaintainX Inc.
Chris Tse,Co-Founder,"New York, NY",Verifi Media
Chris MacFarland,Chairman and CEO,"Philadelphia, PA",Masergy
Chris Golec,Founder & CEO,"San Francisco, CA",Channel99
Chris Ortbals,Chief Product & Technology Officer,"Indianapolis, IN",Tangoe
Chris Mele,Managing Partner,"Charlotte, NC","Software Pricing Partners, LLC"
Chris Briggs,"Senior Vice President, Identity, and Head of Products","San Diego, CA",Mitek Systems
Chris Lafond,Chief Executive Officer,"Hartford, CT",Insurity
Christian Pedersen,Chief Product Officer,"Seattle, WA",IFS
Christian Ofori-Boateng,Chief Executive Officer,"Charlotte, NC",ChristianSteven Software
Christian Frahm,Founding CEO,"Copenhagen, Denmark",United Fintech
Christian Lund,Co-Founder,Denmark,Templafy
Christian Espinosa,CEO,"Tempe, AZ",Blue Goat Cyber
Christian Wiklund,CEO & Co-Founder,"San Francisco, CA",unitQ
Christian Monberg,Chief Technology Officer & Head of Product,California,Zeta Global (NYSE: ZETA)
Christina Luttrell,CEO,"Atlanta, GA","GBG Americas, comprised of Acuant and IDology"
Christina Cai,Co-founder and COO,"Toronto, Canada",Lydia AI
Christine Halvorsen,"Managing Director Technology, Media, and Telecommunications","Washington, DC",Protiviti
Christine Boles,"VP Network & Edge Group, GM Federal and Industrial Solutions","Chandler, AZ",Intel
Christine Bejerasco,Chief Information Security Officer,"Helsinki, Finland",WithSecure
Christoph Wagner,CEO,"Bonn, Germany",Scanbot SDK
Christophe Van de Weyer,Chief Executive Officer,"Los Angeles, CA",Telesign
Christopher Dean,Managing Director,"Brighton and Hove, UK",Digital Tactics Ltd.
Christopher Larkin,CTO,"Seattle, WA",Concord Technologies
Christopher Savoie,Founder and CEO,"Boston, MA","Zapata Computing, Inc."
Christopher Pierson,CEO & Founder,"Orlando, FL",BLACKCLOAK
Christopher Lazzaro,"Vice President, Solutions Engineering","Springfield, MO",Associated Electric Cooperative Inc.
Christopher Rogers,Chief Operating Officer,"San Antonio, TX",Carenet Health
Christopher Formant,CEO,California,Avocado Systems
Christopher Prewitt,CTO,"Cleveland, OH",Inversion6
Christopher Daden,Chief Technology Officer,"Los Angeles, CA",Criteria Corp
Christopher Nguyen,CEO/Co-founder,"Palo Alto, CA","Aitomatic, Inc."
Christopher Yang,"Vice President, Engineering","Los Angeles, CA",Away
Christopher Petersen,CTO,"San Diego, CA",Scientist.com
Christopher Stauffer,CEO,"Los Angeles, CA",STAUFFER
Christy Wyatt,Chief Executive Officer,"San Francisco, CA",Absolute
Chuck Herrin,CTO,"Dallas, TX","Wib Security, Ltd."
Chuck Canton,Founder and CEO,"New York, NY",Sourcepass Inc.
Claire Hough,Senior Vice President of Engineering,Europe,Udemy
Claire Rutkowski,"SVP, CIO Champion","Chicago, IL",Bentley Systems
Clare Hart,CEO,"New York, NY",Williams Lea
Claude Mandy,"Chief Evangelist, Data Security","Mill Valley, CA 94941",Symmetry Systems Inc
Claudio Mazzali,VP Global Research,New York State,Corning Incorporated
Claus Nussgruber,CEO and President,"Houston, TX","Utility Global, Inc."
Claus Jepsen,CTO,"Aarhus, Denmark",Unit4
Clay Johnson,Chief Digital and Technology Officer,"Louisville, KY",Yum!
Clayton Nicholas,Founder & CEO,"Nashville, TN",Vibronyx
Cleve Gibbon,Chief Technology Officer,"Seattle, WA",Wunderman Thompson
Clément Stenac,Co-founder & CTO,"Paris, France",Dataiku
Cody Cornell,Co-Founder and Chief Strategy Officer,"Denver, CO",Swimlane
Colin Parris,Chief Technology Officer,"Albany, NY",GE Digital
Colin Earl,CEO,"San Francisco, CA",Agiloft
Conal Byrne,"Chief Executive Officer, iHeartMedia Digital Audio Group","New York, NY",iHeartMedia
Conal Gallagher,CIO and CISO,"Chicago, IL",Flexera
Corey White,Founder and chief product and strategy officer,"Irvine, CA",Cyvatar
Corey Clothier,Founder/CEO ARIBO Autonomous Solutions,"Tampa, FL",ARIBO
Corey Nachreiner,Chief Security Officer,"Seattle, WA",WatchGuard Technologies Inc
Cory Cummings,CEO & Co-Founder,"San Diego, CA",Pack
Craig Costigan,CEO,"New York, NY",NICE Actimize
Craig Strong,Global Practice Leader - Innovation & Product,United Kingdom,AWS
Craig Bandes,President & CEO,"Baltimore, MD",pixelligent.com
Craig Unger,Chief Executive Officer and Founder,Florida,Hyperproof
Craig Ross,CEO,"Ontario, CA",Euna Solutions
Craig Powell,Chief Executive Officer,"Boston, MA","Motus, LLC"
Cristian Paun,Global Digital Strategist/Chief Digital Officer,Luxembourg,DuPont
Cristian Randieri,Founder,"96100 Syracuse, Free municipal consortium of Syracuse, Italy",Intellisystem Technologies
Cyril Korenbeusser,Chief Operational Resilience Officer - CIB Americas,"New York, NY",BNP Paribas
Cyrus Hadavi,CEO,"Los Angeles, CA","Adexa, Inc."
Dale Lutz,Co-founder,"Surrey, BC, Canada",Safe Software
Dale Renner,Founder/Chief Executive Officer,"Boston, MA",Redpoint Global Inc.
Damian Wasserman,Co-Founder,"Buenos Aires, Argentina",BEON.tech
Damon Fleury,Chief Product Officer (CPO),"Austin, TX",SpyCloud
Damon Henry,Founder and CEO,"Detroit, MI",KORTX
Dan Singer,CEO and Co-Founder,"New York, NY",Epiphany Systems
Dan Amiga,"Co-Founder, CTO",Israel,Island
Dan Branco,Chief Technology Officer,"Toronto, ON, Canada",GSI Solutions
Dan Turchin,Chief Executive Officer,"San Francisco, CA",PeopleReign
Dan Rasmussen,CTO,Massachusetts,CyberQ Technologies Inc.
Dan Frechtling,CEO,"Seattle, WA",Boltive
Dan Yerushalmi,CEO,"Tel Aviv-Yafo, Israel",AU10TIX
Dan Riskin,CEO,"Menlo Park, CA",Verantos
Dan Gaul,CTO,"Portland, OR",Digital Trends
Dan Smoot,President & CEO,"San Francisco, CA",Riverbed Technology
Dan Adika,CEO and Co-Founder,"Tel Aviv-Yafo, Israel",WalkMe
Dan Gamota,Vice President of Manufacturing and Innovation at Jabil Global Operations,"San Francisco, CA","Jabil, Inc."
Danae Vara Borrell,CPO & CoFounder at Gocleer,Spain,Gocleer
Dani Arnaout,Entrepreneur. Tech Speaker & Author. Forbes 30 Under 30.,"New York, NY",Abstract Layer
Dani Nadel,President and COO,"New York, NY",Feedvisor
Daniel Fallmann,"Founder, CEO","Chicago, IL",Mindbreeze
Daniel Sloan,CEO / Blockchain & AI Practice Manager,"Houston, TX",Future Tech
Daniel Langkilde,CEO & Co-Founder,"Gothenburg, Sweden",Kognic
Daniel Knauf,Chief Technology Officer,"Chicago, IL",Material+
Daniel Strauss,CEO,"Görlitz, Germany",InterNexum GmbH
Daniel Korogodski,Co-Founder/Managing Partner,"Barcelona, Spain",First Bridge
Daniel Anstandig,CEO and Founder,"Cleveland, OH",Futuri
Daniel Schwartz,President,"Spokane, WA",Design I.T. Solutions LLC
Daniel Riedel,SVP of Strategic Services,"San Francisco, CA",Copado
Daniel Lewis,Managing Director / CEO,"Birmingham, UK",Qmulus Solutions
Daniel Barber,CEO & Co-founder,"San Francisco, CA",DataGrail
Daniel Saunders,Chief Executive Officer,"London, UK",L Marks
Daniel Schiappa,Chief Product Officer,"Orlando, FL",Arctic Wolf
Daniel Leslie,Chief Technology Officer,"Las Vegas, NV",Bennie Health
Daniel Jue,CoFounder and CTO,"San Jose, CA",LiveFreely Inc
Daniel Jebaraj,CEO,"Raleigh, NC","Syncfusion, Inc."
Daniel Chong,CEO & Co-founder,"Las Vegas, NV",Harpie
Daniela Moody,CTO,"Monument, CO",Geosite
Danielle Royston,Telecom's Leading Public Cloud Evangelist,"Austin, TX",TelcoDR
Daniil Baturin,Co-Founder and Lead Architect,Ireland,VyOS
Danish Chopra,"Co-founder, CTO/COO","San Francisco, CA",Amenify Corporation
Danny Lopez,CEO,"London, UK",Glasswall
Danny Pehar,President and CEO,"Los Angeles, CA",Web Safe 101
Danny Fields,EVP and CTO,"Palo Alto, CA",Avalara
Danny Shader,Founder and CEO,"San Francisco, CA",PayNearMe
Danny Allan,CTO,"Boston, MA",Veeam Software
Dara Warn,CEO,"Boston, MA",INE
Daragh Mahon,EVP & Chief Information Officer,"Omaha, NE",Werner Enterprises
Darin Stahl,Distinguished Analyst & Research Fellow,"Ontario, Canada",Info-Tech Research Group.
Darla Lentz,CIO,"Houston, TX",Distribution International
Darren Shou,Chief Technology Officer,California,NortonLifeLock
Darren Guarnaccia,President,"Paradise Valley, AZ",Uniform DXCP
Darren Person,Chief Product & Technology Officer,"New York, NY",KyMaxTech
Daryl Friedman,Global President & CEO,"Washington, DC",CEDIA
Daryl Rolley,CEO,"Atlanta, GA",Medicat
Dat Phung,"Co-Founder, Executive Vice President","Los Angeles, CA",FPT Software
Dave Abel,President and CEO,"Dallas, TX",Aventiv Technologies
Dave Todaro,Chief Executive Officer,"Boston, MA",Ascendle
Dave Excell,Founder,United Kingdom,Featurespace
Dave Banerjea,CEO,"Phoenix, AZ",CyberMetrics Corporation
Dave Goldberg,CTO,"New York, NY",Contently
Dave Mariani,"Chief Strategy Officer, AtScale","San Mateo, CA",AtScale
Dave Merkel,"Co-founder and Chief Executive Officer, Expel","Herndon, VA 20170",Expel
Dave Friend,President and CEO,"Boston, MA",Wasabi Technologies
Dave Levy,"Vice President of U.S. Government, Nonprofit, and Healthcare","Arlington, VA",Amazon Web Services (AWS)
Dave Karp,Chief Strategy Officer,"Oklahoma City, OK",Comodo
Dave Rosen,CEO,"Austin, TX","Wimo Games, Inc."
Dave Mosley,CEO,"Fremont, CA",Seagate Technology
David Finkelstein,CEO/Co-Founder,"Miami, FL",BDEX
David Jones,"Vice President, Technology","New York, NY",IDA Ireland
David Marley,CEO,United Kingdom,Comply Exchange
David Raissipour,Chief Technology and Product Officer,"Lexington, MA",Mimecast
David Dozer,Co-Founder and CTO,"Houston, TX",Cadynce
David Lin,CEO,"Los Angeles, CA",Duffl
David Talby,Chief Technology Officer,"Seattle, WA",John Snow Labs
David Xing,Founder and CEO,"Dover, NJ",Plott
David Tal,CEO / Co-Founder,"San Diego, CA",Verse.io
David Rai,CEO,"London, UK",Sparta Global
"David Snow, Jr.",Chairman & CEO,"Greenwich, CT",Cedar Gate Technologies
David Canellos,SVP Cybersecurity Cradlepoint-Ericsson,"McLean, VA",Cradlepoint
David Flower,CEO & President,"Boston, MA","Volt Active Data, Inc."
David Tuck,"Group Chief Executive, Europe","Edinburgh, UK",Kin + Carta
David Bitton,CMO,"Miami Beach, FL",DoorLoop
David Cao,Co-founder & COO,"New York, NY",Null Studios
David Stephans,CEO,"Orlando, FL",Rootstock Software
David Henry,President and GM of Connected Home Products,"San Jose, CA",NETGEAR
David Campbell,Founder & CEO,"New York, NY",Tropic
David Ly,CEO + founder,"Mesa, AZ",Iveda
David Remy,CEO,"Seattle, WA",Event Store Ltd
David Joosten,"President and CEO, Vodafone US Inc.","New York, NY",Vodafone
David Pawlan,Co-Founder,"Chicago, IL",Aloa
David Williams,"Founder, Chairman and CEO","London, UK",Arqit Quantum Inc
David Roberts,President and CEO,"Scottsdale, AZ",Verra Mobility
David Xie,Chief Product Officer,"Los Angeles, CA",Zenlayer
David Stein,CEO & Co-Founder,"New York, NY",Ash
David Donatelli,CEO,"San Francisco, CA",Riverbed
David Monnier,"CIO, Chief Evangelist, and Fellow at Team Cymru","Orlando, FL",Team Cymru
David Lareau,Chief Executive Officer,"Chantilly, VA",Medicomp Systems
David Schiffer,CEO,"New York, NY",RevBits LLC
David Grant,Chief Executive Officer,"London, UK",Westcon-Comstor
David Subar,Founder/CEO,"Los Angeles, CA",Interna
David Lynch,Co-Founder & CEO,"Toronto, ON, Canada",Klir
David Bach,Founder and CEO,"San Diego, CA",PlatypusNeuro
David Jemmett,CEO,"Phoenix, AZ",Cerberus Sentinel
David Stapleton,Chief Information Security Officer,"Denver, CO",CyberGRX
David Yunger,CEO,"Bellevue, WA",Vaital
David Sides,"President, CEO and Board Member","New York, NY",NextGen Healthcare
David Gasparyan,President,"Glendale, CA",Phonexa
David Gu,CEO,"San Francisco, CA",Recall.ai
David Moradi,CEO,"Miami, FL",AudioEye
David Nguyen,CEO,Maryland,United Solutions
David Beiner,CEO and Co-Founder,"Los Angeles, CA",Hume
David MacLeod,VP Technology Delivery & CISO,"Denver, CO",Alignment Healthcare
David Cass,"Managing Director, CISO","New York, NY",GSR
David Levin,Chief Executive Officer,"Denver, CO",Poppulo (Formerly FWI | Poppulo)
David Stein,CEO,"Austin, TX","Babson Diagnostics, Inc."
David Wells,VP Product Management,"Austin, TX","Access eForms, LP"
David Helene,Founder & CEO,"New York, NY",Beam
David Carmiel,CEO,"Tel Aviv-Yafo, Israel",KELA
David Arnowitz,Co-Founder CEO/CTO,"San Francisco, CA",Arnowitz Culture Agency
David Francis,CEO,"Sydney NSW, Australia",Virtual Method
David William Silva,Chief Technology Officer,"Colorado Springs, CO",Algemetric
Davie Sweis,"Business Chief Digital Officer, Global Business Services at Bosch.","Chicago, IL",Bosch
Dax Grant,CEO,"London, UK",Global Transform
Dean Sysman,CEO,"New York, NY",Axonius
Dean Hager,CEO,"Minneapolis, MN",Jamf
Deba Sahoo,"SVP, Senior Product Executive","Boston, MA",Fidelity Investments
Debanjan Saha,Chief Executive Officer,"San Francisco, CA",DataRobot
Debasis Panda,Sr. Vice President and Head of GCC India,"Bengaluru, Karnataka, India",TransUnion Global Technology Center LLP
Debendra Mohanta,President and CEO,"Tokyo, Japan",Inaho Digital Solutions
Debo Ray,Co-founder & CEO,"Seattle, WA",DevZero
Deepa Sarojammal,Chief Executive Officer,India,Reflections Info Systems
Deepak Tiwari,CEO,"Augusta, GA",Sagenext Infotech LLC
Deepak Tiwari,Managing Director,"Atlanta, GA",Ernst & Young
Deepak Padgaonkar,Executive Vice President - Technology,"Chicago, IL",V3iT
Deepak Garg,CEO / Founder,"Irvine, CA",Smart Energy Water
Deepak Dutt,CTO/CEO,"Ottawa, ON, Canada",Zighra
Deepak Gupta,Global Head of Technology & Architecture,"Gurugram, Haryana, India",Airtel Africa
Deepak Gupta,Co-founder & CTO,"San Francisco, CA",LoginRadius
Deepesh Chandra,Chief Analytics Officer,"New York, NY",Bon Secours Mercy Health
Deepinder Singh Dhingra,Founder & CEO,India,RevSure.AI Inc.
Deidre Paknad,CEO and Co-Founder,California,Workboard Inc.
Delphine Groll,Co-Founder & COO,"Paris, France",NABLA
Demaris Mills,President,Iowa,Integrated DNA Technologies
Demed L'Her,Chief Technology Officer and Head of R&D,"Stockholm, Sweden",DigitalRoute
Denis Onuoha,Chief Information Security Officer,"London, UK",Arqiva LTD
Denis King,CEO,"Ottawa, ON, Canada",Solace
Denis Mandich,CTO,"New York, NY",Qrypt
Dennis Ellis,CEO,"Denver, CO",Zendrive
Dennis Dimka,CEO,"Austin, TX",Uptime Legal Systems
Denys Vorobyov,Founder and CEO,Portugal,EltexSoft
Deon Nicholas,CEO/Co-Founder,"San Francisco, CA",Forethought
Derek Slager,CTO & co-founder,"Seattle, WA",Amperity
Derek White,Chief Executive Officer,"Salt Lake City, UT",Galileo Financial Technologies
Derek Martinez,"Nat’l Director, Presales Systems Engineering","Dallas, TX",Konica Minolta
Derick Jose,Co-Founder & Chief Product Officer,"Houston, TX",Flutura Decision Sciences & Analytics
Derric Gilling,CEO,"San Francisco, CA",Moesif
Derrick Morton,CEO,"Seattle, WA",FlowPlay
Devaraj Southworth,CEO & Co-Founder,"New York, NY",Thirstie
Devin Nambiar,Senior Director and Head of Product Management,China,Electronic Arts (EA)
Devin Redmond,"Co-Founder & CEO, Theta Lake","Santa Barbara, CA",Theta Lake
Devrim Celal,CEO,"London, UK",KrakenFlex
Dewayne Hart,President,"Atlanta, GA",SEMAIS
Dhari AlAbdulhadi,CTO & Founder,"Kuwait City, Kuwait",Ubuy
Dharmarajan Sankara Subrahmanian,Founder & CEO,"Mumbai, Maharashtra, India",Impactsure Technologies Private Limited
Dharmesh Acharya,COO,"Ahmedabad, Gujarat, India",Radixweb
Dhrupad Trivedi,Chief Executive Officer,"San Jose, CA",A10 Networks
Diane Robinette,President and CEO,"Campbell, CA",Incisive Software Corporation
Diane Keng,CEO & Co-Founder,"San Francisco, CA",Breinify
Dick Wilkinson,Chief Technology Officer,"Albuquerque, NM",Proof Labs
Didem Un Ates,"VP, AI Strategy & Innovation","London, UK",Schneider Electric
Dilip Krishnan,Global Lead - Digital Transformation Practice,Singapore,Mastercard
Dima Spivak,COO Products,"Chicago, IL",StreamSets
Dima Kats,CEO & Founder,"London, UK",Clear Junction
Dimitri Shelest,"Founder, CEO","McLean, VA",OneRep
Dimitri Sirota,CEO,"New York, NY",BigID
Dimitri Dadiomov,CEO and Co-Founder,"San Francisco, CA",Modern Treasury
Dimitri Raziev,CEO & Co-Founder,"London, UK",Kolleno Limited
Dimitry Kudryavtsev,VP of Engineering,"Houston, TX",Cortex
Dinesh Subhraveti,Cloud Security,"San Francisco, CA",CrowdStrike
Dinesh Malkani,Founder & CEO,Singapore,Smarten Spaces
Dipesh Ranjan,"SVP/MD/CRO : SaaS,Cloud infra ,Networking & Cybersecurity business leader ; Group VP",Singapore,"Cyble, Inc."
Divyaditya Shrivastava,Founder and CEO,"Houston, TX",Paladin
Dizhe Su,CTO,"Los Angeles, CA",InDinero
Dmitri Tyles,"Senior Director, Engineering","Washington, DC",Deltek
Dmitri Lisitski,CEO & co-founder,"New York, NY",Influ2
Dmitrii Zotov,Founder and CTO,"Lithuania, 38403 Panevėžio r. sav., Lithuania",Affise
Dmitry Mishunin,CEO & Founder,"California City, CA",HashEx
Dmitry Dragilev,CEO & Founder,"New York, NY",TopicRanker.com
Dmitry Golitsyn,Co-founder / CTO,"San Francisco, CA",ABAGY
Dmitry Baraishuk,Chief Technology Officer (CTO),"Warsaw, Poland",Belitsoft
Dmytro Lazarchuk,Co-Founder,"Ternopil, Ternopil Oblast, Ukraine, 46002",Relokia
Dmytro Filatov,CEO & Founder,"San Francisco, CA",Aimech Technologies Corp. (DeepXhub.com)
Domantas Ciulde,Founder & CEO,"Kaunas, Kaunas City Municipality, Lithuania",iDenfy
Dominic David,Australia and New Zealand,Australia,Parasoft
Don Murray,President and Co-Founder,"Vancouver, BC, Canada",Safe Software Inc.
Don Lofstrom,President & General Manager,"Rochester, NY",Kodak Alaris
Don Schuerman,"Chief Technology Officer and VP, Marketing and Technology Strategy","Boston, MA",Pegasystems
Donato Montanari,"VP & GM, Machine Vision","Holtsville, NY",Zebra Technologies
Donna Conroy,CEO / Founder,"Allentown, NJ 08501","SciMar ONE, INC"
Donny Ramdathsingh,CEO,"Port of Spain, Trinidad and Tobago",Caribbean TECH TrendZ ltd
Dor Zvi,Co-Founder & CEO,"Chicago, IL",Red Access
Dor Eisner,Co-Founder & CEO,"Tel Aviv-Yafo, Israel",Guardz
Doron Aspitz,CEO,"Tel Aviv-Yafo, Israel",Verix
Doug Lodder,President,"Los Angeles, CA",TruConnect
Doug Kulka,CIO,Arkansas,Tyson Foods
Doug Leeby,Chief Executive Officer,"Jacksonville, FL",Beeline
Doug Lawson,Chief Executive Officer,"Aliso Viejo, CA",ThinkIQ
Douglas Murray,CEO,"San Jose, CA",Auvik
Douglas Edwards,President & COO,"Provo, UT",Smarty
Dr Pramod Kumar,Director of Research & Innovation,Abu Dhabi - United Arab Emirates,QuantLase Laboratory
Dr. Fene Osakwe,Cybersecurity Advisor,"London, UK",Fene Osakwe
Dr. Jeremy Nunn,"Founder, CEO","Perth WA, Australia",Workmetrics
Dr. John Fan,Founder & Chairman of Kopin Corporation,"Brookline, MA",Kopin Corporation
Dr. Obadare Peter Adewale,"Co-Founder and Director of Cybersecurity, Governance, Risk and Compliance","Lagos, Nigeria",Digital Encode Limited
Dr. Samuel Mbonu,Group Chief Information Officer,Africa,Tangerine Africa
Dr. Shay Bahramirad,Vice President of Smart Grid and Engineering,"Chicago, IL",Commonwealth Edison
Drew Titmarsh,CEO & Co-founder,California,Dynomics
Dror Liwer,"Co-founder, Chief Marketing Officer of Coro","New York, NY",Coro
Duncan Greatwood,Executive Chair,"Mountain View, CA",Xage Security
Dushyant Savadia,Founder & CEO,"Miami, FL",Amber Group Limited
Dustin Henderlong,"Vice President, Product","Oak Park, IL",Threadless
Dustin Verdin,Executive Director of Business Innovation,"Columbus, OH",Zipline Logistics
Dustin Radtke,Chief Technology Officer,"Atlanta, GA",OnSolve
Dutt Kalluri,Chief Digital Officer,"Hillsborough Township, NJ",Celsior Technologies
Dwarika Patro,Founder,"London, UK",Aays
Dwayne Dever,Vice President & Chief Information Officer,"Kansas City, MO",The Scarbrough Group
Dwi Sutandar,CEO/President,"Seattle, WA",Aeoncharge
Dylan Barrell,CTO,"Detroit, MI","Deque Systems, Inc."
Dyma Budorin,"CEO, Co-founder","Lisbon, Portugal",Hacken
Ed Fox,"CTO, MetTel","New York, NY",MetTel
Ed Laczynski,CEO,"New York, NY",Backlight
Ed Macosky,Chief Product Officer,"San Francisco, CA",Boomi
Ed Donner,Co-Founder and CTO,"New York, NY",Nebula
Ed Gaudet,CEO and Founder,"Boston, MA",Censinet
Ed Adams,President & CEO,"Boston, MA",Security Innovation
Ed Wallen,CEO,"Washington, DC",C&R Software
Ed Leavens,CEO,"Toronto, ON, Canada",DataStealth.io
Edan Evantal,CTO,"Petah Tikva, Israel",Quali
Edgar Escobar,CTO,"Miami, FL",Grupo ALTO
Edik Mitelman,General Manager Privacy Cloud,Israel,AppsFlyer
Edmund Zagorin,Founder & CEO,"San Francisco, CA",Arkestro
Eduardo Abeliuk,Founder and CEO,"Miami, FL",TeselaGen
Eduardo Balseiros Villas-Boas,Chief Digital and Information Officer & Board Member for Iberia | Italy | Latin America,Spain,Majorel
Edward Rothberg,Co-founder and CEO,"Portland, OR",Gurobi Optimization
Edward Peters,Chief Innovation Officer,"Dallas, TX",Panzura
Edward Lennon,CEO,"Boston, MA","Votacall, Inc."
Edwige Robinson,"Senior Vice President, Network Engineering Operations & Transformation","Downers Grove, IL",T-Mobile
Edwin Huertas,CTO,"Richmond, VA",Shockoe | Mobile by Design
Eilon Reshef,Co-founder and Chief Product Officer,"Tel Aviv-Yafo, Israel",Gong.io
Ekim Saribardak,CTO,United Kingdom,Rewire Security
Elad Inbar,CEO,"Dallas, TX",RobotLAB Inc
Elad Schaffer,Co-Founder & CEO,Israel,Faye
Elaine Montilla,Chief Technology Officer,"New York, NY",Pearson
Eldad Postan-Koren,CEO,"Tel Aviv-Yafo, Israel",Winn.ai
Eleanor Lightbody (neé Weaver),CEO,"London, UK",Luminance
Eli Ben-Joseph,CEO,"Los Angeles, CA",Regard
Eli Ben-Sasson,President and Co-Founder,Israel,StarkWare Industries
Eli Skenandore,Chief Technology Officer,"Los Angeles, CA",Fount
Eli David,CTO AI,Israel,Nano Dimension
Eli Israelov,Co-Founder,Israel,CommBox
Elia Wallen,Founder & CEO,"Denver, CO",Hotel Engine
Elik Eizenberg,CTO and Co-founder,"Albany, NY",BigPanda
Eliott Jones,CEO and co-founder of Biospectal,"San Francisco, CA",Biospectal
Eliott Teissonniere,CTO,"San Francisco, CA",Nodle
Eliron Ekstein,Co-Founder & CEO at Ravin.ai,"Haifa, Israel",Ravin AI Limited
Elise Carmichael,Chief Technology Officer,"Gainesville, FL",Lakeside Software
Elizabeth Duffy,Principal Product Marketing Manager,"Denver, CO",Astraea
Elliot Goykhman,Founder & CEO,"New York, NY",ZELF
Elliott Wilkes,CTO and Co-Founder,"London, UK",Advanced Cyber Defence Systems
Ellison Anne Williams,"CEO, Founder","Fulton, MD",Enveil
Elodie Bouneau,"Senior Director, EQ Bank","Toronto, Canada",EQ Bank
Emad Hasan,CEO and Cofounder,"Los Angeles, CA",Retina AI
Emanuel Pirker,Founder & CEO,"San Francisco, CA",Stratodesk
Emiliano Kargieman,CEO,"Barcelona, Spain",Satellogic
Emilien Sanchez,CEO & Co-Founder,"Paris, France",Whaly
Emilien Coquard,CEO & Co-Founder,"London, UK",The Scalers
Emily Roberts,"Senior Vice President, Enterprise Consumer Product","Seattle, WA",Capital One
Emin Tatosian,Co-founder & CTO,"Nashville, TN",FX HedgePool
Emmanuel Ramos,Chief Solutions Officer,"Tampa, FL",OZ Digital Consulting
Emmanuel Adu,CEO,"New York, NY",Eretmis Inc.
Eoin Hinchy,Founder,Ireland,Tines
Eoin Keary,CEO/Founder,"Dublin, Ireland",Edgescan
Erdem Erkul,Founder & Chairman,"İstanbul, Türkiye",Cerebrum Tech
Erez Meltzer,CEO & Board Member,"Neve Ilan, Israel",Nanox
Eric Weber,CXO,"Ontario, Canada",Prolific Interactive
Eric Hoffman,President,"Oakdale, MN 55128",Datastream Connexion
Eric Almond,CTO,"Atlanta, GA",Gearco - True Extended Stay
Eric Updyke,Chief Executive Officer,"New York, NY",Spirent Communications
Eric S. Yuan,Founder & CEO,"San Francisco, CA",Zoom Video Communications
Eric Giesecke,Chief Executive Officer,"Newport Beach, CA",Planet DDS
Eric Tomah,CIO,"Boston, MA",Network Coverage
Eric Leaver,CEO,"Knoxville, TN",PracticeTek
Eric Braun,Entrepreneurial Leader / Chief Innovator,"Boston, MA",Velocity Innovation
Eric Loeb,"Executive Vice President, Government Affairs","San Francisco, CA",Salesforce
Eric Futoran,CEO,California,Embrace
Eric Olden,CEO,"Boulder, CO",Strata Identity
Eric Helmer,CTO,"Dallas, TX",Rimini Street
Eric Elfman,Co-Founder & CEO,"Houston, TX",Onit
Eric Grosse,President,"San Francisco, CA",Suki
Eric Wilson,Chief Technology Officer,"Los Angeles, CA",Press Ganey
Eric Velte,Chief Technology Officer,"Philadelphia, PA",ASRC Federal
Eric Bednash,CEO,"Washington, DC",Racktop Systems
Eric Cole,Founder & CEO,"Washington, DC",Secure Anchor Consulting
Eric Clark,Chief Digital & Strategy Officer,"Dallas, TX",NTT DATA Services
Eric Laughlin,CEO,"Seattle, WA",Agiloft
Eric Jones,Founder and CEO,"Austin, TX",Enthought Inc.
Eric Johnson,CEO,"San Francisco, CA",SurveyMonkey
Erik Aasberg,CTO,"Oslo, Norway",eSmart Systems
Erik Kostelnik,Founder/CEO,"Santa Barbara, CA","Postal.io, Inc."
Erik Rind,CEO / Founder,"Washington, DC",ImagineBC Inc
Erik Bakstad,CEO & Co-founder,"Oslo, Norway",Ardoq
Erika Voss,Vice President - Engineering Platforms,"Seattle, WA",Capital One Software
Erin Tavgac,CEO,"New York, NY",Redbird
Erkang Zheng,Founder and CEO,North Carolina,JupiterOne
Ernie Bray,Chairman & CEO,"San Diego, CA",AutoClaims Direct Inc. (ACD)
Errette Dunn,Co-Founder & CEO,"San Francisco, CA",Rever
Errol Gardner,EY Global Vice Chair – Consulting,"London, UK",EY
Erwan Keraudy,CEO & Co-founder,"New York, NY",CybelAngel
Esha Manideep Dinne,Co-Founder,"San Francisco, CA",Giga ML
Etai Beck,CEO,"San Mateo, CA",Folloze
Etay Maor,Senior Director Security Strategy,"Boston, MA",Cato Networks
Ethan Gillani,Chief Technology Officer,"Chicago, IL",Micro-Tech U.S.A.
Ethan Davidoff,CEO and Founder,"Seattle, WA",Atlas Health
Ethan Kellough,Co-Founder and Chief Product Technology Officer,"Vancouver, Canada",Highlight
Eugene Xiong,Founder & Chairman of the Board,"Fremont, CA","Foxit Software, Inc"
Eugene Sayan,CEO,"New York, NY",Softheon
Ev Kontsevoy,CEO & Co-Founder,"San Francisco, CA",Teleport
Eva Pittas,Founder & COO,"New York, NY",Thoropass
Evan Powell,Co-Founder,"Boston, MA",Reprise
Evan Smith,CEO and Co-Founder,"New York, NY",Altana Technologies
Evan Kaplan,CEO,"San Francisco, CA",InfluxData
Everett Bates,Chief Information Security Officer,Texas,EverView
Evgeny Likhoded,Founder & CEO,United Kingdom,Clausematch
Evgeny Popov,"EVP, GM International","New York, NY",Verve Group
Evgeny Kayumov,Co-Founder,"London, UK",SOAX Ltd.
Evgeny Grigul,Co-Founder,"Vilnius, Vilnius City Municipality, Lithuania",Virto Commerce
Eyal Benishti,CEO and Founder,"Atlanta, GA",IRONSCALES
Fabio Moioli,Executive Search & Leadership Advisory Services,"Milan, Metropolitan City of Milan, Italy",Spencer Stuart
Fabio Gratton,Chief Experience Officer,California,THREAD Research
Fabio Belloni,"Co-Founder, Chief Growth Officer","Espoo, Finland",Quuppa
Fabio Caversan,Vice President of Digital Business and Innovation,"Detroit, MI",Stefanini Group
Fabrice Haiat,CEO and co-founder,"New York, NY",YOOBIC
Fabrizio Blanco,Chief Technology Officer,"Irvine, CA",Viant
Fahad Kabir,CEO,"Toronto, ON, Canada",IAMConcepts Security Solutions Inc.
Faisal Hussain,CEO,"New York, NY",Synechron
Faisal Jameel,Chief Technology Officer,"Newark, NJ",NJ TRANSIT
Faisal Bhutto,SVP of Cloud and Cybersecurity,"Houston, TX",Calian
Faisal Fareed,Principal Solutions Architect,"Plainsboro Township, NJ",Amazon Web Services
Faisal Shah,"Co-Founder, CEO","Boise City, ID",AppDetex
Fang Cheng,CEO and Co-Founder,"San Francisco, CA",Linc Global
Fara Haron,Regional CEO & EVP Global Clients,"Petaling Jaya, Selangor, Malaysia",Majorel
Fardad Zabetian,CEO/Founder,"New York, NY",KUDO
Farhan Masood,President and CTO,"Greensboro, NC",Soloinsight Inc
Favour Femi-Oyewole,Group Chief Information Security Officer,"Lagos, Nigeria",Access Bank Plc
Fay Arjomandi,Jaylah the fixer (aka Founder & CEO),"Oakland, CA","mimik technology, Inc."
Federico Menna,Chief Executive Officer,"Brussels, Belgium",EIT Digital
Federico Sendra,CEO & Co-founder,"Montevideo, Montevideo Department, Uruguay",SpaceDev
Fehzan Ali,Co-Founder and Chair of the Board,"Austin, TX",Adscend Media
Felipe Fernandes,CEO,"Austin, TX",Pi Tech
Felipe Cornejo,CEO,"Miami, FL",Devsu LLC
Fernando Gutierrez,CEO,"Houston, TX",Tachyus Corp.
Feroz Sheikh,Head of Strategic Sourcing & Supplier Management,Switzerland,Syngenta
Feroz Merchhiya,CIO and Board Member,"Los Angeles, CA","City of Glendale, Arizona"
Fidelis Chibueze,Co-Founder,"New York, NY",Fixtops Technology
Filip Dvorak,Founder / CEO,"New York, NY",Filuta AI
Flint Brenton,CEO,"Palo Alto, CA",Syntellis Performance Solutions
Florent Bouguin,Chief Technology Officer,"Québec City, QC, Canada",Optel Group
Florin Rotar,Chief Technology Officer,"Seattle, WA",Avanade Inc
Fran Rosch,CEO,"San Francisco, CA",ForgeRock
Francesca Carlesi,Founder and CEO,"London, UK",Molo
Francesco Iorio,CEO,"Toronto, ON, Canada",Augmenta
Francis Dinha,CEO,"Pleasanton, CA",OpenVPN
Francisco Diazluna,CIO,"Wheaton, IL",Producer’s National
Francisco Almada Lobo,CEO,Portugal,Critical Manufacturing
Frank Jonas,Director Cyber Security Operations,"London, UK",JNJ Consumer Health | Former FBI | Marine Corps Veteran | MIT MBA | UPenn MSE @ Computer Science
Frank Chan,"President, Patient Monitoring","Boulder, CO",Medtronic
Frank Fawzi,CEO,"Dania Beach, FL",IntelePeer
Frank McGillin,Chief Executive Officer,"Boston, MA",The Clinic By Cleveland Clinic
Fred Koopmans,Chief Product Officer,California,BigPanda
Fred Kneip,President,"Denver, CO",ProcessUnity
Fred Voccola,CEO,"Miami, FL",Kaseya
Fred Burton,Executive Director of Protective Intelligence,"Austin, TX",Ontic
Frederic Laluyaux,President and CEO,"San Francisco, CA",Aera Technology
Frederick Kauber,Chief Product & Technology Officer,"New York, NY",CAIS Group
Fredrik Nilsson,Vice President of the Americas,"Chelmsford, MA",Axis Communications
Froilan Mendoza,Founder & Chief Technology Officer,"New York, NY",Fulcrum Solutions
Funmipe “VF” Olofinlade,Executive | Information Security | Investor,"Montreal, QC, Canada",Zone
G Scott Paterson,"Co-Founder, Executive Chairman","Toronto, Canada",FutureVault Inc.
Gabby Wong,CEO,"Washington, DC",FranConnect
Gabriel Olokunwolu,Chief Executive Officer,"Dallas, TX",Techchak
Gabriel Catropa,CTO Cybersecurity,Brazil,IBM
Gabriel Saruhashi,Founder/CEO,"San Diego, CA",Emerge Career
Gabriel Rene,Cofounder & CEO,"Los Angeles, CA",VERSES
Gadi Shamia,CEO,"San Francisco, CA",Replicant
Gagandeep Arora,Founder & President: Vertex Group,India,Vertex Global Services
Gail Peace,Founder and CEO,"Nashville, TN","Ludi, Inc."
Gal Ringel,Co-Founder & CEO,Israel,Mine
Gal Rimon,Founder and CEO,Israel,Centrical
Galina Antova,Co-Founder,"Los Angeles, CA",Claroty
Dr. Ganesh Sundaram,CEO,"New York, NY",Alef Innovations
Ganesh Kirti,Founder & CEO,"San Jose, CA",TrustLogix
Garik Khachanyan,Founder and CEO,"Yerevan, Armenia",Rocket Systems
Garima Kapoor,Co-Founder and COO,"San Francisco, CA",MinIO
Garland Straub,"Sr. Director,IT Infrastructure, Architecture and Strategy","Louisville, KY","Yum! Brands, Inc"
Garrett Silver,CEO,"Seattle, WA",Critical Insight
Garrett Fritz,VP Product and Technology,"Los Angeles, CA",Swenson He
Garry Drummond,"Founder, President & CEO","Pleasanton, CA",LOCH Technologies
Gary Hoberman,CEO and Founder,"New York, NY",Unqork
Gary Sangha,CEO,"New York, NY",LexCheck
Gary Nakanelua,Managing Director of Innovation,"Bellevue, WA",Blueprint
Gary Simat,Chief Executive Officer,"Atlanta, GA",Performive
Gatis Dukurs,Technical Co-Founder,"Delaware, OH 43015",Printify
Gaurav Dhillon,Chairman and CEO,"San Francisco, CA",SnapLogic
Gaurav Kapoor,Chief Executive Officer and Co-Founder,"San Jose, CA",MetricStream
Gaurav Aggarwal,"Senior Vice President, Global Lead Cybersecurity - Security Solutions and GTM","Seattle, WA",Avanade Inc.
Gaurav Rishi,"VP, Product - Kasten by Veeam","San Francisco, CA",Veeam Software
Gaurav Kaushik,Founder & President,"New York, NY",ScienceIO
Gaurav Banga,Founder and CEO,"Cupertino, CA",Balbix
Gautam Roy,"SVP, Chief Technology Officer","Houston, TX",UNUM
Gautam Shah,"VP/Chief Product Officer, Carelon Services","San Francisco, CA",Elevance Health (formerly Anthem)
Gautam Hazari,Chief Technology Officer,"London, UK",Sekura.id
Gavin Hupp,VP of Information Technology,Florida,SeaWorld Parks & Entertainment
Gavin McMurdo,GM / VP Engineering,"Seattle, WA",IStreamPlanet
Gayatri Iyengar,"Head of Engineering, Logistics and Growth","San Francisco, CA",DoorDash
Gene Yoo,Chief Executive Officer,"Los Angeles, CA","Resecurity, Inc."
Gene Fay,CEO,"Boston, MA",ThreatX
Geneva Schlabach,Chief Executive Officer,"Winston-Salem, NC",Vispa
Gentry Lane,CEO/Founder,"Washington, DC",ANOVA Intelligence
Geoff Haydon,Chief Executive Officer,"Atlanta, GA",Open Systems
Geoff Webb,VP Product and Solution Strategy,"Houston, TX",isolved
Geoffrey Alphonso,Chief Executive Officer,Abu Dhabi - United Arab Emirates,Alef Education
Georg Beyschlag,President TeamViewer Americas,"Clearwater, FL",TeamViewer
George Kurian,Chief Executive Officer,"San Jose, CA",NetApp
George Popstefanov,CEO and Founder,"Dallas, TX",Koddi
George Anderson,Founder & CEO,"New York, NY","Ninth Wave / Enterprise Engineering, Inc."
George Murgatroyd,General Manager & Vice President - Digital Surgery,Europe,George Murgatroyd
George Elfond,CEO,"San Francisco, CA",Rallyware
George Sakellaris,CEO,"Boston, MA",Ameresco
George Alan Heimel,CTO,"New York, NY",Square360 Inc.
George Koutsaftes,President and CEO of Honeywell Safety and Productivity Solutions (SPS),"Charlotte, NC",Honeywell
Georgette Fraser-Moore,Chief Executive Officer,"Atlanta, GA",Transformation Lead LLC
Gerald Morrison,CTO,"Seattle, WA",SigmaSense LLC
Gerard Szatvanyi,"Founder, President and CEO","Québec City, QC, Canada",OSF Digital
Gerard Ramos,CEO,"New Orleans, LA",Revelry
Gerasim Hovhannisyan,CEO/ Co-Founder,Delaware,"EasyDMARC, Inc."
Gergo Vari,Founder | CEO,"Philadelphia, PA","Lensa, Inc."
Gerry Gebel,Head of Standards,"Boulder, CO",Strata Identity
Gerry Poirier,CEO and Founder,"Miami, FL",AngeLink
Ghufran Shah,Global CIO & Co-Founder,United Kingdom,Metsi Technologies Ltd
Giancarlo Di Vece,President and CEO,"Portland, OR","Unosquare, LLC"
Name,Designation,Location,Company
Name,Designation,Location,Company
AJ Abdallat,CEO,"Los Angeles, CA",Beyond Limits
Aamir Paul,"President, North America","Boston, MA",Schneider Electric
Aaron Mendes,CEO and Cofounder,"Los Angeles, CA",PrivacyHawk
Aaron Martin,"Vice President, Healthcare","Seattle, WA",Providence
Aaron Skonnard,CEO and Co-founder,"Salt Lake City, UT",Pluralsight
Aaron Vick,Former CEO. Lifelong introvert. Avid technology evangelist. Unapologetic nerd. Best Selling Author. Inventor.,"Jackson, MS",AaronVick.com
Aaron Labbé,Chief Technology Officer & Co-Founder,"Toronto, ON, Canada",LUCID
Aaron Burciaga,"Co-founder, chairman and CEO","Washington, DC",DataPrime
Aaron Harris,CTO,"Atlanta, GA",Sage
Aaron Patzer,Founder & CEO,"Auckland, New Zealand",Vital
Aaron White,Co-founder and Chief Architect,"Miami, FL",Vendr
Aaron Lazor,CEO,"Tel Aviv-Yafo, Israel",MyChargeBack
Aarti Joshi,Co-Founder & CEO,"Chicago, IL",Modak Analytics
Aatish M,Founder,"Seattle, WA",Strac
Ab Gaur,Founder & CEO,Singapore,Verticurl (a WPP Company)
Abakar Saidov,CEO,"London, UK",Beamery
Abdul Subhani,President & CEO,"Austin, TX",Centex Technologies
Abdullah Snobar,Executive Director & CEO,"Toronto, ON, Canada",The DMZ
Abe Ankumah,"VP & GM, SASE","San Francisco, CA",VMware
Abha Dogra,"SVP Digital Technology, Chief Architect and CIO North America","Boston, MA",Schneider Electric
Abhay Mitra,CTO & Co-founder,"San Francisco, CA",Nirvana Tech Inc
Abhay Gupta,Co-founder & CEO,"Los Altos, CA",Bidgely
Abhi Gite,VP Technology,"Houston, TX",Unum
Abhijay Bhatnagar,President and Co-Founder,"New York, NY",Cloaked
Name,Designation,Location,Company
AJ Abdallat,CEO,"Los Angeles, CA",Beyond Limits
